session,duration_s,messages,topics,live_topics,dead_topics,size_mb,files,status,dead_list
20260902_075535_session,0,0,0,0,0,0.0,0,EMPTY DIRECTORY,
20260902_082255_session,0,0,0,0,0,0.0,0,EMPTY DIRECTORY,
20260902_153646_20260902_153645,262.8,690601,111,74,37,74.45,13,PARTIAL: cameras not recorded,/display_contacts;/display_planned_path;/estop;/events/write_split;/homing_complete_left;/homing_complete_right;/joint_state_broadcaster/transition_event;/left_arm_controller/transition_event;/left_camera/color/camera_info;/left_camera/color/image_raw;/left_camera/color/image_raw/compressed;/left_camera/color/image_raw/compressedDepth;/left_camera/color/image_raw/theora;/left_camera/depth/camera_info;/left_camera/depth/image_raw;/left_camera/depth/image_raw/compressed;/left_camera/depth/image_raw/compressedDepth;/left_camera/depth/image_raw/theora;/left_camera/image_raw/zstd;/left_gripper_controller/transition_event;/mount_guard;/parameter_events;/participant/abort;/pipeline_state;/right_arm_controller/transition_event;/right_camera/color/camera_info;/right_camera/color/image_raw;/right_camera/color/image_raw/compressed;/right_camera/color/image_raw/compressedDepth;/right_camera/color/image_raw/theora;/right_camera/depth/camera_info;/right_camera/depth/image_raw;/right_camera/depth/image_raw/compressed;/right_camera/depth/image_raw/compressedDepth;/right_camera/depth/image_raw/theora;/right_camera/image_raw/zstd;/right_gripper_controller/transition_event
20260902_155631_20260902_155631,250.0,652323,111,71,40,77.57,13,PARTIAL: cameras not recorded,/display_contacts;/display_planned_path;/estop;/events/write_split;/homing_complete_left;/homing_complete_right;/joint_state_broadcaster/transition_event;/left_arm_controller/transition_event;/left_camera/color/camera_info;/left_camera/color/image_raw;/left_camera/color/image_raw/compressed;/left_camera/color/image_raw/compressedDepth;/left_camera/color/image_raw/theora;/left_camera/depth/camera_info;/left_camera/depth/image_raw;/left_camera/depth/image_raw/compressed;/left_camera/depth/image_raw/compressedDepth;/left_camera/depth/image_raw/theora;/left_camera/image_raw/zstd;/left_gripper_controller/transition_event;/mount_guard;/parameter_events;/participant/abort;/pipeline_state;/right_arm_controller/transition_event;/right_camera/color/camera_info;/right_camera/color/image_raw;/right_camera/color/image_raw/compressed;/right_camera/color/image_raw/compressedDepth;/right_camera/color/image_raw/theora;/right_camera/depth/camera_info;/right_camera/depth/image_raw;/right_camera/depth/image_raw/compressed;/right_camera/depth/image_raw/compressedDepth;/right_camera/depth/image_raw/theora;/right_camera/image_raw/zstd;/right_gripper_controller/transition_event;/vr/boundary_warning;/vr/gripper_right;/vr/haptics
20260902_161756_20260902_161756,360.1,1028131,111,75,36,115.87,13,PARTIAL: cameras not recorded,/display_contacts;/display_planned_path;/estop;/events/write_split;/homing_complete_left;/homing_complete_right;/joint_state_broadcaster/transition_event;/left_arm_controller/transition_event;/left_camera/color/camera_info;/left_camera/color/image_raw;/left_camera/color/image_raw/compressed;/left_camera/color/image_raw/compressedDepth;/left_camera/color/image_raw/theora;/left_camera/depth/camera_info;/left_camera/depth/image_raw;/left_camera/depth/image_raw/compressed;/left_camera/depth/image_raw/compressedDepth;/left_camera/depth/image_raw/theora;/left_camera/image_raw/zstd;/left_gripper_controller/transition_event;/mount_guard;/parameter_events;/pipeline_state;/right_arm_controller/transition_event;/right_camera/color/camera_info;/right_camera/color/image_raw;/right_camera/color/image_raw/compressed;/right_camera/color/image_raw/compressedDepth;/right_camera/color/image_raw/theora;/right_camera/depth/camera_info;/right_camera/depth/image_raw;/right_camera/depth/image_raw/compressed;/right_camera/depth/image_raw/compressedDepth;/right_camera/depth/image_raw/theora;/right_camera/image_raw/zstd;/right_gripper_controller/transition_event
20260902_162436_20260902_162436,265.7,707261,111,75,36,83.78,13,PARTIAL: cameras not recorded,/display_contacts;/display_planned_path;/events/write_split;/homing_complete_left;/homing_complete_right;/joint_state_broadcaster/transition_event;/left_arm_controller/transition_event;/left_camera/color/camera_info;/left_camera/color/image_raw;/left_camera/color/image_raw/compressed;/left_camera/color/image_raw/compressedDepth;/left_camera/color/image_raw/theora;/left_camera/depth/camera_info;/left_camera/depth/image_raw;/left_camera/depth/image_raw/compressed;/left_camera/depth/image_raw/compressedDepth;/left_camera/depth/image_raw/theora;/left_camera/image_raw/zstd;/left_gripper_controller/transition_event;/mount_guard;/parameter_events;/pipeline_state;/right_arm_controller/transition_event;/right_camera/color/camera_info;/right_camera/color/image_raw;/right_camera/color/image_raw/compressed;/right_camera/color/image_raw/compressedDepth;/right_camera/color/image_raw/theora;/right_camera/depth/camera_info;/right_camera/depth/image_raw;/right_camera/depth/image_raw/compressed;/right_camera/depth/image_raw/compressedDepth;/right_camera/depth/image_raw/theora;/right_camera/image_raw/zstd;/right_gripper_controller/transition_event;/vr/gripper_right
20260902_164021_20260902_164021,207.5,521249,111,79,32,59.36,13,PARTIAL: cameras not recorded,/display_contacts;/display_planned_path;/events/write_split;/homing_complete_left;/homing_complete_right;/joint_state_broadcaster/transition_event;/left_arm_controller/transition_event;/left_camera/color/camera_info;/left_camera/color/image_raw;/left_camera/color/image_raw/compressed;/left_camera/color/image_raw/compressedDepth;/left_camera/color/image_raw/theora;/left_camera/depth/camera_info;/left_camera/depth/image_raw;/left_camera/depth/image_raw/compressed;/left_camera/depth/image_raw/compressedDepth;/left_camera/depth/image_raw/theora;/left_camera/image_raw/zstd;/left_gripper_controller/transition_event;/mount_guard;/participant/abort;/pipeline_state;/right_arm_controller/transition_event;/right_camera/color/image_raw/compressedDepth;/right_camera/depth/camera_info;/right_camera/depth/image_raw;/right_camera/depth/image_raw/compressed;/right_camera/depth/image_raw/compressedDepth;/right_camera/depth/image_raw/theora;/right_gripper_controller/transition_event;/vr/boundary_warning;/vr/haptics
20260902_164902_20260902_164902,94.8,201416,111,72,39,25.74,13,PARTIAL: cameras not recorded,/display_contacts;/display_planned_path;/estop;/events/write_split;/homing_complete_left;/homing_complete_right;/joint_state_broadcaster/transition_event;/left_arm_controller/transition_event;/left_camera/color/camera_info;/left_camera/color/image_raw;/left_camera/color/image_raw/compressed;/left_camera/color/image_raw/compressedDepth;/left_camera/color/image_raw/theora;/left_camera/depth/camera_info;/left_camera/depth/image_raw;/left_camera/depth/image_raw/compressed;/left_camera/depth/image_raw/compressedDepth;/left_camera/depth/image_raw/theora;/left_camera/image_raw/zstd;/left_gripper_controller/transition_event;/mount_guard;/parameter_events;/participant/abort;/pipeline_state;/right_arm_controller/transition_event;/right_camera/color/camera_info;/right_camera/color/image_raw;/right_camera/color/image_raw/compressed;/right_camera/color/image_raw/compressedDepth;/right_camera/color/image_raw/theora;/right_camera/depth/camera_info;/right_camera/depth/image_raw;/right_camera/depth/image_raw/compressed;/right_camera/depth/image_raw/compressedDepth;/right_camera/depth/image_raw/theora;/right_camera/image_raw/zstd;/right_gripper_controller/transition_event;/vr/boundary_warning;/vr/haptics
20260902_165659_20260902_165659,99.3,258564,111,73,38,31.61,13,PARTIAL: cameras not recorded,/display_contacts;/display_planned_path;/events/write_split;/homing_complete_left;/homing_complete_right;/joint_state_broadcaster/transition_event;/left_arm_controller/transition_event;/left_camera/color/camera_info;/left_camera/color/image_raw;/left_camera/color/image_raw/compressed;/left_camera/color/image_raw/compressedDepth;/left_camera/color/image_raw/theora;/left_camera/depth/camera_info;/left_camera/depth/image_raw;/left_camera/depth/image_raw/compressed;/left_camera/depth/image_raw/compressedDepth;/left_camera/depth/image_raw/theora;/left_camera/image_raw/zstd;/left_gripper_controller/transition_event;/mount_guard;/parameter_events;/participant/abort;/pipeline_state;/right_arm_controller/transition_event;/right_camera/color/camera_info;/right_camera/color/image_raw;/right_camera/color/image_raw/compressed;/right_camera/color/image_raw/compressedDepth;/right_camera/color/image_raw/theora;/right_camera/depth/camera_info;/right_camera/depth/image_raw;/right_camera/depth/image_raw/compressed;/right_camera/depth/image_raw/compressedDepth;/right_camera/depth/image_raw/theora;/right_camera/image_raw/zstd;/right_gripper_controller/transition_event;/vr/boundary_warning;/vr/haptics
christian_mastershared_20260902_111231,209.8,176740,32,30,2,134.01,2,OK,/estop;/mount_guard
christian_multimeter_masterdirect_20260902_110444,0.0,0,0,0,0,0.0,2,FAULT: no messages recorded,
christian_multimeter_mastershared_20260902_110933,0.0,0,0,0,0,0.0,2,FAULT: no messages recorded,
christian_objecttrackingdirect_20260902_114001,154.3,128401,32,29,3,96.28,2,OK,/estop;/left_gripper_controller/joint_trajectory;/mount_guard
christian_objecttrackingdirect_20260902_114249,145.9,118022,32,28,4,90.32,2,OK,/estop;/left_gripper_controller/joint_trajectory;/mount_guard;/right_gripper_controller/joint_trajectory
christian_targetreachinng_20260902_111739,0.0,0,0,0,0,0.0,2,FAULT: no messages recorded,
christian_targetreachinngshared_20260902_112652,0.0,0,0,0,0,0.0,2,FAULT: no messages recorded,
chritstian_objectreaching_20260902_113502,0.0,0,0,0,0,0.0,2,FAULT: no messages recorded,
jorge_multimeter_20260902_135758,0.0,0,0,0,0,0.0,2,FAULT: no messages recorded,
jorge_multimetesharedr_20260902_140023,0.0,0,0,0,0,0.0,2,FAULT: no messages recorded,
jorge_objecttrackingdirect_20260902_132710,111.0,88208,32,29,3,67.0,2,OK,/estop;/left_gripper_controller/joint_trajectory;/mount_guard
jorge_objecttrackingshared_20260902_132941,71.7,60052,32,28,4,45.07,2,OK,/estop;/left_gripper_controller/joint_trajectory;/mount_guard;/right_gripper_controller/joint_trajectory
jorge_targetreachingdirect_20260902_133239,303.9,245491,32,30,2,187.15,2,OK,/estop;/mount_guard
jorge_targetreachingshared_20260902_134510,83.6,59215,32,29,3,49.9,2,OK,/estop;/left_gripper_controller/joint_trajectory;/mount_guard
jorge_targetreachingshared_20260902_135048,206.4,129308,32,24,8,120.04,2,FAULT: a master arm is silent,/estop;/left_gripper_controller/joint_trajectory;/master_arm_pose_right;/master_arm_raw_right;/master_status_right;/mount_guard;/right_arm_controller/joint_trajectory;/right_gripper_controller/joint_trajectory
master_teleop_20260902_093707,0.5,316,27,24,3,0.25,2,FAULT: shorter than 5 s,/estop;/master_teleop/status;/mount_guard
testa_20260902_093724,46.6,37592,32,28,4,28.87,2,OK,/estop;/left_gripper_controller/joint_trajectory;/mount_guard;/right_gripper_controller/joint_trajectory
