timestamp,label,k1j1,k1j2,k1j3,k1j4,k1j5,k1j6,k1j7,k2j1,k2j2,k2j3,k2j4,k2j5,k2j6,k2j7,ax1,ay1,az1,gx1,gy1,gz1,ax2,ay2,az2,gx2,gy2,gz2,fsr1,fsr2,btn1,btn2
1785171178.355483,LEFTARMUP,174.0,342.4,129.9,251.2,0.0,269.2,356.8,339.5,27.9,0.0,160.3,0.0,131.0,0.0,0.204,0.063,0.883,2.34,16.27,-1.92,-0.757,0.027,0.535,1.06,0.37,-2.31,22.94,18.2,0,1
1785171178.3664901,LEFTARMUP,173.8,342.4,129.6,251.2,0.0,269.2,356.8,339.5,27.9,0.0,160.3,0.0,131.1,0.0,0.259,-0.031,0.834,-0.48,22.95,-6.93,-0.756,0.047,0.543,0.13,1.86,-1.83,22.21,18.4,0,1
1785171178.3756185,LEFTARMUP,173.7,342.4,129.6,251.2,0.0,269.2,356.8,339.5,27.9,0.0,160.3,0.0,131.1,0.0,0.24,0.204,0.865,-9.68,19.14,-5.38,-0.753,0.064,0.528,-2.02,1.82,-0.12,21.65,19.3,0,1
1785171178.380651,LEFTARMUP,173.6,342.4,129.6,251.1,0.0,269.2,356.6,339.5,27.9,0.0,160.3,0.0,131.1,0.0,0.272,0.142,0.915,-25.47,17.46,2.11,-0.787,0.055,0.529,-3.81,1.9,0.53,21.49,19.48,0,1
1785171178.3966284,LEFTARMUP,173.6,342.4,129.6,251.1,0.0,269.2,356.4,339.5,27.7,0.0,160.3,0.0,131.1,0.0,0.267,-0.037,0.966,-26.2,14.06,-3.11,-0.773,0.033,0.527,-4.31,2.09,0.44,21.37,17.11,0,1
1785171178.405065,LEFTARMUP,173.6,342.4,129.6,251.0,0.0,269.2,356.1,339.5,27.8,0.0,160.3,0.0,131.1,0.0,0.247,-0.077,1.023,-18.6,6.83,-8.37,-0.796,0.003,0.542,-4.15,2.34,0.43,21.53,18.08,0,1
1785171178.4152796,LEFTARMUP,173.5,342.5,129.6,250.7,0.0,269.3,355.9,339.5,27.8,0.0,160.3,0.0,131.1,0.0,0.244,-0.127,0.919,-17.17,2.89,-1.69,-0.793,0.002,0.527,-2.85,2.27,-0.25,21.39,18.56,0,1
1785171178.421774,LEFTARMUP,173.5,342.8,129.6,250.5,0.0,269.3,355.8,339.5,27.8,0.0,160.3,0.0,131.3,0.0,0.261,-0.137,0.949,-8.31,0.95,1.69,-0.801,-0.0,0.538,-0.79,2.85,-2.31,21.3,19.17,0,1
1785171178.432391,LEFTARMUP,173.5,342.8,129.6,250.3,0.0,269.4,355.7,339.5,27.8,0.0,160.3,0.0,131.2,0.0,0.322,-0.012,1.048,-6.35,-1.59,4.05,-0.808,0.009,0.535,-0.11,2.08,-2.31,21.47,19.63,0,1
1785171178.4462192,LEFTARMUP,173.5,342.8,129.6,250.2,0.0,269.4,355.6,339.5,27.8,0.0,160.3,0.0,131.1,0.0,0.375,-0.019,1.022,-5.35,-6.06,2.26,-0.815,0.027,0.523,-0.19,0.95,-1.46,21.35,20.22,0,1
1785171178.4462192,LEFTARMUP,173.5,342.8,129.6,250.0,0.0,269.4,355.5,339.5,27.8,0.0,160.3,0.0,131.0,0.0,0.35,0.044,0.986,-6.08,-4.15,0.59,-0.833,0.038,0.503,-1.18,-0.78,-0.49,21.27,20.17,0,1
1785171178.466741,LEFTARMUP,173.5,342.8,129.6,249.9,0.0,269.4,355.4,339.5,27.8,0.0,160.3,0.0,131.0,0.0,0.246,0.014,0.93,-10.6,-5.18,5.77,-0.815,0.034,0.517,-1.92,-2.53,0.32,21.45,20.12,0,1
1785171178.466741,LEFTARMUP,173.4,342.8,129.6,249.8,0.0,269.3,355.2,339.5,27.9,0.0,160.3,0.0,131.0,0.0,0.209,-0.05,0.885,-10.84,-7.34,5.26,-0.791,0.03,0.535,-2.18,-2.87,0.2,21.59,20.59,0,1
1785171178.4792252,LEFTARMUP,173.4,342.7,129.6,249.8,0.0,269.3,355.0,339.5,27.9,0.0,160.3,0.0,131.0,0.0,0.183,-0.079,0.916,-9.12,-9.81,5.37,-0.781,0.028,0.551,-2.48,-2.66,-0.02,21.19,20.19,0,1
1785171178.4956882,LEFTARMUP,173.4,342.7,129.6,249.7,0.0,269.4,354.9,339.5,27.9,0.0,160.3,0.0,131.0,0.0,0.175,-0.084,0.94,-9.24,-14.56,13.01,-0.786,0.026,0.531,-2.85,-2.37,0.06,21.39,19.9,0,1
1785171178.4956882,LEFTARMUP,173.4,342.7,129.6,249.7,0.0,269.4,354.8,339.5,27.9,0.0,160.3,0.0,131.0,0.0,0.214,-0.052,0.926,-10.37,-14.27,20.17,-0.799,0.008,0.548,-2.32,-1.68,0.27,21.29,19.92,0,1
1785171178.512473,LEFTARMUP,173.4,342.7,129.7,249.7,0.0,269.4,354.7,339.5,27.9,0.0,160.3,0.0,131.0,0.0,0.264,-0.029,0.897,-12.85,-12.0,22.05,-0.806,-0.009,0.547,-1.42,-1.4,-0.29,21.22,19.94,0,1
1785171178.5253289,LEFTARMUP,173.4,342.6,129.8,249.8,0.0,269.4,354.7,339.5,27.9,0.0,160.3,0.0,131.0,0.0,-0.268,-0.058,0.856,-6.42,-12.73,15.87,-0.816,-0.003,0.54,0.95,-2.22,-1.53,20.92,20.46,0,1
1785171178.5358467,LEFTARMUP,173.4,342.5,129.9,249.9,0.0,269.4,354.8,339.5,27.9,0.0,160.3,0.0,131.0,0.0,0.42,0.063,0.945,-13.65,-15.51,28.3,-0.746,0.01,0.535,2.2,-3.25,-3.48,20.94,20.59,0,1
1785171178.5456853,LEFTARMUP,173.4,342.4,129.9,250.0,0.0,269.4,354.9,339.5,27.9,0.0,160.3,0.0,131.0,0.0,0.339,-0.098,0.884,-9.44,-15.4,28.19,-0.769,0.017,0.533,2.52,-2.87,-3.35,20.95,20.69,0,1
1785171178.5456853,LEFTARMUP,173.4,342.4,130.0,250.1,0.0,269.4,355.0,339.5,27.9,0.0,160.3,0.0,131.0,0.0,0.304,-0.136,0.954,3.15,-18.95,19.94,-0.786,0.049,0.522,1.53,-3.27,-1.66,21.21,20.52,0,1
1785171178.5667973,LEFTARMUP,173.4,342.3,130.2,250.1,0.0,269.4,355.3,339.5,27.9,0.0,160.3,0.0,131.0,0.0,0.315,-0.108,0.96,14.79,-21.82,10.37,-0.829,0.053,0.535,-0.24,-3.5,-1.78,20.66,20.14,0,1
1785171178.575904,LEFTARMUP,173.3,342.2,130.6,250.1,0.0,269.4,355.7,339.5,27.9,0.0,160.3,0.0,131.0,0.0,0.329,-0.053,0.939,21.38,-22.7,2.71,-0.811,0.059,0.525,-2.57,-3.38,-2.13,21.0,20.11,0,1
1785171178.5859194,LEFTARMUP,173.3,342.2,130.9,250.1,0.0,269.4,356.0,339.5,27.9,0.0,160.3,0.0,131.0,0.0,0.319,-0.019,0.913,23.75,-21.92,-1.71,-0.775,0.04,0.537,-4.3,-2.89,-1.46,20.75,20.08,0,1
1785171178.5954173,LEFTARMUP,173.3,342.1,131.2,250.2,0.0,269.4,356.4,339.5,27.9,0.0,160.3,0.0,131.0,0.0,0.307,0.005,0.898,23.46,-19.96,-6.32,-0.766,0.035,0.53,-5.21,-2.94,0.48,21.06,20.06,0,1
1785171178.6044147,LEFTARMUP,173.3,342.0,131.5,250.2,0.0,269.4,356.8,339.5,27.9,0.0,160.3,0.0,131.0,0.0,0.302,0.019,0.885,20.6,-19.41,-7.1,-0.769,0.031,0.541,-5.51,-3.19,1.07,21.05,20.79,0,1
1785171178.614904,LEFTARMUP,173.3,342.0,131.7,250.3,0.0,269.4,357.1,339.5,27.9,0.0,160.3,0.0,131.0,0.0,0.312,0.026,0.883,16.79,-19.29,-5.98,-0.786,0.027,0.53,-6.06,-2.34,0.62,21.28,20.85,0,1
1785171178.614904,LEFTARMUP,173.3,342.0,132.1,250.4,0.0,269.4,357.4,339.5,27.9,0.0,160.3,0.0,131.0,0.0,0.33,0.018,0.899,12.95,-18.02,-5.38,-0.79,0.027,0.532,-6.76,-1.88,2.02,20.71,20.88,0,1
1785171178.6328678,LEFTARMUP,173.3,342.0,132.5,250.5,0.0,269.9,357.7,339.5,27.9,0.0,160.3,0.0,131.0,0.0,0.321,0.003,0.903,10.69,-16.76,-5.63,-0.776,0.022,0.546,-6.56,-1.16,2.99,21.28,21.16,0,1
1785171178.6455464,LEFTARMUP,173.3,342.0,132.8,250.6,0.0,274.5,357.8,339.5,27.9,0.0,160.3,0.0,131.0,0.0,0.328,-0.004,0.904,9.66,-15.15,-5.28,-0.768,0.014,0.541,-6.15,-0.92,2.92,20.96,20.62,0,1
1785171178.6556492,LEFTARMUP,173.4,342.0,133.2,250.7,0.0,273.3,358.1,339.5,27.9,0.0,160.3,0.0,131.0,0.0,0.307,-0.016,0.846,11.24,-12.46,-8.52,-0.77,0.01,0.534,-4.78,0.21,3.28,21.22,18.47,0,1
1785171178.666982,LEFTARMUP,173.5,342.0,133.5,250.8,0.0,272.4,358.3,339.5,27.9,0.0,160.3,0.0,131.1,0.0,0.318,0.042,0.891,8.76,-13.17,-6.47,-0.778,-0.004,0.548,-4.37,1.45,4.48,20.92,19.1,0,1
1785171178.6757004,LEFTARMUP,173.6,342.0,134.0,250.9,0.0,271.7,358.4,339.5,28.1,0.0,160.3,0.0,131.1,0.0,0.318,0.046,0.873,5.07,-10.51,-4.08,-0.778,-0.007,0.537,-1.48,3.4,4.7,20.94,19.08,0,1
1785171178.6857467,LEFTARMUP,173.6,342.0,134.4,250.8,0.0,271.1,358.4,339.5,28.1,0.0,160.3,0.0,131.1,0.0,0.318,0.018,0.886,1.74,-9.86,-2.17,-0.766,-0.006,0.549,-0.81,5.37,5.02,20.7,19.31,0,1
1785171178.6961725,LEFTARMUP,173.8,342.0,134.6,250.9,0.0,270.8,358.4,339.5,28.0,0.0,160.3,0.0,131.1,0.0,0.32,0.002,0.882,0.22,-10.05,-2.25,-0.769,-0.006,0.549,2.86,6.27,4.02,21.03,19.73,0,1
1785171178.7056713,LEFTARMUP,174.2,342.0,134.8,251.0,0.0,270.5,358.4,339.5,28.0,0.0,160.3,0.0,131.1,0.0,0.264,-0.014,0.901,0.28,-12.21,-1.61,-0.771,0.02,0.535,2.6,5.16,2.12,20.77,20.05,0,1
1785171178.716031,LEFTARMUP,174.5,342.0,135.1,251.0,0.0,275.7,358.5,339.8,28.0,0.0,160.3,0.0,131.1,0.0,0.332,-0.021,0.92,0.65,-12.47,-4.32,-0.774,0.031,0.548,2.82,0.7,-4.56,20.58,18.04,0,1
1785171178.723709,LEFTARMUP,174.8,342.0,135.3,251.0,0.0,279.7,358.5,339.7,28.0,0.0,160.3,0.0,131.1,0.0,0.314,-0.039,0.914,0.92,-12.6,-1.48,-0.814,0.078,0.525,2.21,-1.48,-6.32,20.43,18.03,0,1
1785171178.733323,LEFTARMUP,175.3,342.0,135.8,251.0,0.0,283.3,358.5,339.6,28.0,0.0,160.3,0.0,131.1,0.0,0.282,-0.06,0.912,1.83,-12.97,0.02,-0.792,0.096,0.513,-2.67,0.13,-3.74,20.58,18.52,0,1
1785171178.7454405,LEFTARMUP,175.4,342.0,136.2,251.0,0.0,287.5,358.5,339.5,28.0,0.0,160.3,0.0,131.1,0.0,0.293,-0.081,0.936,3.73,-13.47,-1.4,-0.819,0.079,0.521,-7.09,-0.26,1.39,20.43,18.39,0,1
1785171178.7557104,LEFTARMUP,175.6,342.0,136.5,251.0,0.0,291.6,358.5,339.5,28.0,0.0,160.3,0.0,131.1,0.0,0.285,-0.077,0.916,7.44,-16.65,-4.14,-0.774,0.029,0.511,-9.64,-0.07,3.99,20.57,18.79,0,1
1785171178.7659442,LEFTARMUP,175.8,342.0,136.9,251.0,0.0,293.8,358.5,339.5,28.0,0.0,160.3,0.0,131.1,0.0,0.327,-0.022,0.919,8.02,-19.01,-6.24,-0.777,-0.007,0.537,-8.96,1.32,4.34,20.43,19.09,0,1
1785171178.775531,LEFTARMUP,176.0,342.0,137.2,251.0,0.0,294.6,358.5,339.5,28.0,0.0,160.3,0.0,131.1,0.0,0.373,0.009,0.943,7.4,-19.5,-7.9,-0.79,-0.014,0.545,-7.34,1.09,4.15,20.57,18.82,0,1
1785171178.783633,LEFTARMUP,176.2,342.0,137.2,251.0,0.0,297.7,358.5,339.5,28.0,0.0,160.3,0.0,131.1,0.0,0.363,-0.009,0.921,6.78,-17.74,-8.05,-0.778,-0.018,0.551,-4.76,1.18,2.38,20.18,19.12,0,1
1785171178.800254,LEFTARMUP,176.4,342.0,137.4,251.1,0.0,308.3,358.5,339.5,28.0,0.0,160.3,0.0,131.1,0.0,0.354,0.004,0.906,5.87,-17.6,-7.18,-0.77,-0.005,0.544,-1.92,0.98,-0.43,20.63,19.09,0,1
1785171178.8035724,LEFTARMUP,176.7,341.9,137.7,251.1,0.0,317.1,358.5,339.5,28.0,0.0,160.3,0.0,131.1,0.0,0.348,-0.013,0.896,6.67,-19.33,-7.42,-0.781,0.007,0.536,0.08,1.05,-1.76,20.48,19.07,0,1
1785171178.8136823,LEFTARMUP,177.0,341.9,138.0,251.1,0.0,324.2,358.5,339.5,28.0,0.0,160.3,0.0,131.1,0.0,0.342,-0.021,0.892,6.69,-20.6,-8.58,-0.782,0.012,0.528,0.53,1.49,-1.68,20.61,19.3,0,1
1785171178.8236248,LEFTARMUP,177.3,341.9,138.2,251.3,0.0,329.7,358.5,339.5,28.0,0.0,160.3,0.0,131.1,0.0,0.333,-0.027,0.893,6.5,-22.28,-10.69,-0.784,0.027,0.527,0.69,1.12,-2.12,20.46,19.47,0,1
1785171178.8335855,LEFTARMUP,177.5,341.8,138.0,251.4,0.0,333.6,358.5,339.5,28.0,0.0,160.3,0.0,131.1,0.0,0.342,-0.026,0.897,5.69,-24.75,-12.63,-0.792,0.041,0.532,0.04,1.43,-1.71,20.59,19.61,0,1
1785171178.844633,LEFTARMUP,177.6,341.8,136.5,251.5,0.0,336.4,358.5,339.5,28.0,0.0,160.3,0.0,131.1,0.0,0.367,-0.02,0.905,5.61,-25.33,-13.84,-0.794,0.042,0.527,-1.0,1.4,-0.5,20.19,19.45,0,1
1785171178.8555958,LEFTARMUP,177.9,341.7,137.2,251.6,0.0,338.9,358.5,339.5,28.0,0.0,160.3,0.0,131.1,0.0,0.378,-0.011,0.897,5.22,-25.05,-13.06,-0.788,0.033,0.53,-1.78,1.05,-0.51,19.9,19.34,0,1
1785171178.8661888,LEFTARMUP,178.2,341.7,138.0,251.9,0.0,340.9,358.5,339.4,28.0,0.0,160.3,0.0,131.1,0.0,0.368,-0.009,0.908,4.41,-24.49,-11.71,-0.805,0.03,0.537,-2.16,0.63,-1.16,19.92,19.01,0,1
1785171178.8755102,LEFTARMUP,178.4,341.6,138.8,252.0,0.0,342.5,358.5,339.4,28.0,0.0,160.3,0.0,131.1,0.0,0.349,-0.018,0.909,3.98,-24.43,-9.34,-0.791,0.025,0.539,-2.54,0.6,-1.06,19.94,19.0,0,1
1785171178.8839498,LEFTARMUP,178.7,341.5,139.6,252.1,0.0,343.7,358.5,339.5,28.0,0.0,160.3,0.0,131.1,0.0,0.351,-0.013,0.896,4.98,-25.97,-8.32,-0.792,0.025,0.541,-2.9,0.47,-0.43,19.71,19.0,0,1
1785171178.8935769,LEFTARMUP,178.9,341.4,140.3,252.3,0.0,344.6,358.5,339.5,28.0,0.0,160.3,0.0,131.1,0.0,0.37,-0.018,0.889,6.34,-26.15,-8.34,-0.798,0.022,0.545,-2.89,0.21,0.08,19.28,18.75,0,1
1785171178.9055824,LEFTARMUP,179.0,341.3,140.9,252.5,0.0,345.2,358.5,339.5,28.0,0.0,160.3,0.0,131.2,0.0,0.369,-0.012,0.88,8.03,-27.88,-10.08,-0.785,0.011,0.534,-2.44,0.0,-0.17,19.46,17.06,0,1
1785171178.9157412,LEFTARMUP,179.2,341.4,141.4,252.8,0.0,345.8,358.5,339.5,28.0,0.0,160.3,0.0,131.2,0.0,0.401,0.0,0.853,8.57,-29.38,-10.93,-0.794,0.012,0.525,-1.53,0.18,-0.45,19.09,17.05,0,1
1785171178.9255803,LEFTARMUP,179.4,341.3,141.8,253.0,0.0,345.5,358.5,339.5,28.0,0.0,160.3,0.0,131.2,0.0,0.409,0.007,0.875,8.21,-29.44,-11.53,-0.807,0.011,0.531,-0.58,-0.56,-1.01,19.82,17.54,0,1
1785171178.9358826,LEFTARMUP,179.6,341.1,142.3,253.3,0.0,345.5,358.5,339.5,28.0,0.0,160.3,0.0,131.2,0.0,0.423,0.017,0.876,8.24,-28.77,-12.05,-0.797,0.016,0.529,-0.32,-1.01,-1.19,20.37,17.65,0,1
1785171178.9455204,LEFTARMUP,179.8,341.0,142.7,253.7,0.0,346.0,358.5,339.5,28.0,0.0,160.3,0.0,131.2,0.0,0.41,0.019,0.889,8.82,-28.33,-11.75,-0.79,0.023,0.53,-0.42,-1.03,-1.07,20.27,18.49,0,1
1785171178.9549024,LEFTARMUP,179.9,340.9,143.3,254.0,0.0,346.5,358.5,339.5,28.0,0.0,160.3,0.0,131.2,0.0,0.413,0.005,0.858,9.45,-27.65,-10.95,-0.791,0.025,0.527,-0.67,-0.86,-0.59,21.71,20.12,0,1
1785171178.961209,LEFTARMUP,180.0,340.8,143.7,254.4,0.0,347.3,358.5,339.5,28.0,0.0,160.3,0.0,131.2,0.0,0.409,0.022,0.852,8.75,-27.32,-9.09,-0.777,0.03,0.532,-0.69,-1.08,-0.77,21.78,20.59,0,1
1785171178.9755795,LEFTARMUP,180.0,340.7,144.2,254.7,0.0,348.0,358.5,339.5,28.0,0.0,160.3,0.0,131.2,0.0,0.411,0.041,0.854,6.78,-25.66,-6.8,-0.776,0.027,0.534,-0.66,-0.82,-0.93,22.83,21.94,0,1
1785171178.9855933,LEFTARMUP,180.1,340.6,144.5,255.0,0.0,348.5,358.5,339.5,28.0,0.0,160.3,0.0,131.2,0.0,0.422,0.028,0.847,3.93,-24.12,-4.07,-0.788,0.03,0.526,-0.73,-0.66,-1.01,22.13,20.96,0,1
1785171178.9953048,LEFTARMUP,180.2,340.4,144.8,255.3,0.0,348.9,358.5,339.5,28.0,0.0,160.3,0.0,131.2,0.0,0.427,0.015,0.846,1.69,-22.73,-2.12,-0.784,0.036,0.528,-0.98,-0.3,-0.99,21.34,20.47,0,1
1785171179.0055304,LEFTARMUP,180.2,340.3,145.1,255.6,0.0,349.2,358.4,339.5,28.0,0.0,160.3,0.0,131.2,0.0,0.44,0.013,0.906,-2.63,-24.47,-0.07,-0.784,0.038,0.533,-1.37,-0.37,-0.9,19.51,18.85,0,1
1785171179.0132363,LEFTARMUP,180.3,340.1,145.4,255.8,0.0,349.5,358.3,339.5,28.1,0.0,160.3,0.0,131.2,0.0,0.472,0.02,0.864,-2.85,-23.61,0.24,-0.777,0.032,0.543,-1.98,0.0,-0.68,19.13,17.64,0,1
1785171179.025089,LEFTARMUP,180.4,339.9,145.5,256.1,0.0,349.6,358.2,339.5,28.1,0.0,160.3,0.0,131.2,0.0,0.448,0.008,0.841,-0.05,-20.27,-1.4,-0.784,0.029,0.539,-2.4,0.29,-0.38,18.85,17.48,0,1
1785171179.0355072,LEFTARMUP,180.5,339.7,145.7,256.4,0.0,349.7,358.0,339.5,28.1,0.0,160.3,0.0,131.2,0.0,0.43,-0.001,0.854,0.46,-20.86,-3.96,-0.784,0.02,0.53,-2.3,0.48,-0.44,18.39,17.11,0,1
1785171179.0461028,LEFTARMUP,180.5,339.5,146.0,256.6,0.0,349.8,357.9,339.5,28.1,0.0,160.3,0.0,131.2,0.0,0.425,-0.024,0.832,3.53,-23.07,-9.05,-0.785,0.018,0.543,-2.09,0.91,-0.64,17.29,16.08,0,1
1785171179.055618,LEFTARMUP,180.6,339.4,146.3,256.9,0.0,349.9,357.7,339.5,28.0,0.0,160.3,0.0,131.2,0.0,0.423,0.007,0.844,4.2,-23.14,-12.97,-0.795,0.02,0.536,-1.96,1.08,-0.68,16.47,15.56,0,1
1785171179.0657554,LEFTARMUP,180.7,339.2,146.6,257.2,0.0,350.0,357.7,339.5,28.0,0.0,160.3,0.0,131.2,0.0,0.438,0.036,0.843,2.15,-23.46,-13.18,-0.782,0.022,0.542,-1.57,1.02,-0.79,16.6,15.92,0,1
1785171179.0736032,LEFTARMUP,180.8,339.1,147.0,257.5,0.0,350.1,357.5,339.5,28.0,0.0,160.3,0.0,131.2,0.0,0.459,0.03,0.887,-0.05,-24.6,-11.09,-0.795,0.019,0.544,-1.15,0.94,-1.08,15.7,14.94,0,1
1785171179.0790377,LEFTARMUP,180.9,339.0,147.3,257.7,0.0,350.1,357.3,339.5,28.0,0.0,160.3,0.0,131.2,0.0,0.484,0.003,0.88,-3.99,-24.01,-7.79,-0.794,0.02,0.539,-0.55,0.97,-1.44,15.78,14.71,0,1
1785171179.0952249,LEFTARMUP,180.9,338.9,147.7,258.0,0.0,350.1,357.1,339.5,28.0,0.0,160.3,0.0,131.2,0.0,0.413,0.032,0.787,-4.53,-19.2,-2.1,-0.786,0.029,0.533,-0.53,0.99,-1.49,15.08,14.03,0,1
1785171179.0952249,LEFTARMUP,181.0,338.7,148.0,258.3,0.0,350.1,356.9,339.5,28.2,0.0,160.3,0.0,131.2,0.0,0.458,-0.054,0.872,-3.89,-21.8,-5.03,-0.789,0.024,0.529,-0.76,0.82,-1.3,14.31,13.27,0,1
1785171179.1167207,LEFTARMUP,181.1,338.6,148.2,258.6,0.0,350.1,356.8,339.5,28.1,0.0,160.3,0.0,131.2,0.0,0.453,-0.046,0.825,0.32,-22.39,-5.79,-0.781,0.021,0.531,-1.05,0.85,-1.33,13.23,11.95,0,1
1785171179.125705,LEFTARMUP,180.9,338.4,148.5,259.0,0.0,350.1,356.6,339.5,28.1,0.0,160.3,0.0,131.2,0.0,0.475,-0.014,0.82,4.18,-21.87,-5.85,-0.785,0.029,0.538,-1.08,1.09,-1.11,12.17,10.72,0,1
1785171179.1357234,LEFTARMUP,181.0,338.2,148.8,259.2,0.0,350.1,356.4,339.5,28.1,0.0,160.3,0.0,131.2,0.0,0.482,0.003,0.87,5.49,-23.92,-4.66,-0.785,0.021,0.533,-0.95,0.78,-0.99,12.13,10.04,0,1
1785171179.14649,LEFTARMUP,181.1,338.0,149.1,259.6,0.0,350.1,356.3,339.5,28.1,0.0,160.3,0.0,131.2,0.0,0.519,0.031,0.837,6.49,-25.44,-4.86,-0.797,0.017,0.531,-0.37,0.92,-1.35,11.35,9.53,0,1
1785171179.1556745,LEFTARMUP,181.2,337.7,149.4,260.1,0.0,350.2,356.2,339.5,28.1,0.0,160.3,0.0,131.2,0.0,0.538,0.044,0.83,6.22,-24.63,-4.73,-0.796,0.019,0.535,-0.22,0.37,-1.43,12.51,10.65,0,1
1785171179.1656606,LEFTARMUP,181.2,337.4,149.7,260.5,0.0,350.2,356.1,339.5,28.0,0.0,160.3,0.0,131.2,0.0,0.539,0.046,0.816,6.77,-21.6,-4.25,-0.799,0.027,0.522,-0.45,0.0,-1.31,18.88,17.23,0,1
1785171179.1759033,LEFTARMUP,181.3,337.0,149.9,261.0,0.0,350.2,356.0,339.5,28.0,0.0,160.3,0.0,131.2,0.0,0.529,0.064,0.791,4.66,-17.33,-1.98,-0.796,0.032,0.528,-1.11,-0.2,-1.08,22.16,19.93,0,1
1785171179.183548,LEFTARMUP,181.3,336.6,150.2,261.4,0.0,350.2,355.9,339.5,28.0,0.0,160.4,0.0,131.2,0.0,0.5,0.097,0.775,-0.5,-12.58,0.2,-0.795,0.034,0.54,-1.36,-0.04,-0.48,26.12,24.19,0,1
1785171179.1958086,LEFTARMUP,181.3,336.2,150.5,261.9,0.0,350.2,355.8,339.5,28.0,0.0,160.4,0.0,131.2,0.0,0.484,0.069,0.814,-6.76,-12.18,2.21,-0.79,0.027,0.527,-2.02,-0.43,-0.53,27.84,26.15,0,1
1785171179.1958086,LEFTARMUP,181.3,335.8,150.8,262.3,0.0,350.2,355.6,339.5,28.0,0.0,160.4,0.0,131.2,0.0,0.473,0.042,0.816,-12.15,-14.76,2.07,-0.796,0.023,0.528,-1.63,-0.56,-0.74,25.63,24.11,0,1
1785171179.2135592,LEFTARMUP,181.3,335.5,151.0,262.8,0.0,350.2,355.4,339.5,28.0,0.0,160.4,0.0,131.2,0.0,0.486,0.008,0.822,-13.85,-18.93,0.35,-0.801,0.025,0.533,-1.56,-0.8,-0.79,23.47,21.83,0,1
1785171179.2135592,LEFTARMUP,181.3,335.1,151.5,263.1,0.0,350.2,355.0,339.5,28.0,0.0,160.4,0.0,131.2,0.0,0.499,-0.019,0.829,-11.45,-23.47,-2.77,-0.792,0.033,0.526,-2.29,-1.24,-0.5,21.1,18.87,0,1
1785171179.2357097,LEFTARMUP,181.3,334.8,151.7,263.5,0.0,350.2,354.8,339.5,28.0,0.0,160.4,0.0,131.2,0.0,0.504,-0.022,0.849,-8.09,-27.1,-4.77,-0.796,0.034,0.533,-2.91,-1.56,0.34,21.08,18.41,0,1
1785171179.2457218,LEFTARMUP,181.3,334.5,151.9,263.8,0.0,350.2,354.6,339.5,27.9,0.0,160.4,0.0,131.2,0.0,0.517,-0.022,0.835,-4.76,-29.51,-6.24,-0.801,0.032,0.537,-3.33,-1.61,0.88,20.31,18.05,0,1
1785171179.255734,LEFTARMUP,181.3,334.2,152.2,264.2,0.0,350.2,354.4,339.5,27.9,0.0,160.4,0.0,131.2,0.0,0.523,-0.002,0.831,-3.05,-32.71,-6.77,-0.801,0.013,0.538,-3.24,-1.66,0.61,18.23,16.29,0,1
1785171179.2676487,LEFTARMUP,181.3,334.0,152.5,264.5,0.0,350.2,354.2,339.5,27.9,0.0,160.4,0.0,131.2,0.0,0.538,0.014,0.842,-4.47,-35.74,-6.66,-0.796,0.011,0.536,-2.37,-1.88,-0.18,16.67,14.97,0,1
1785171179.274053,LEFTARMUP,181.4,333.8,152.7,264.8,0.0,350.2,354.1,339.5,27.9,0.0,160.4,0.0,131.2,0.0,0.568,0.039,0.828,-5.7,-38.08,-7.36,-0.792,0.002,0.543,-1.6,-2.02,-0.54,15.51,13.48,0,1
1785171179.2835608,LEFTARMUP,181.5,333.7,153.1,265.0,0.0,350.2,353.9,339.5,27.9,0.0,160.4,0.0,131.2,0.0,0.554,0.064,0.8,-8.85,-38.76,-8.52,-0.787,0.011,0.549,-0.39,-1.82,-0.54,15.63,13.36,0,1
1785171179.295954,LEFTARMUP,181.7,333.5,153.5,265.3,0.0,350.2,353.8,339.5,27.9,0.0,160.4,0.0,131.2,0.0,0.559,0.103,0.773,-11.02,-36.3,-7.76,-0.787,0.012,0.541,0.49,-1.85,-0.85,14.97,13.52,0,1
1785171179.3056452,LEFTARMUP,181.8,333.4,153.9,265.6,0.0,350.2,353.7,339.5,27.9,0.0,160.3,0.0,131.2,0.0,0.56,0.068,0.797,-12.79,-34.59,-5.55,-0.779,0.02,0.543,0.95,-1.63,-1.17,16.23,14.39,0,1
1785171179.31661,LEFTARMUP,182.0,333.3,154.3,265.9,0.0,350.2,353.4,339.5,27.9,0.0,160.3,0.0,131.2,0.0,0.528,0.036,0.809,-15.03,-29.08,-5.61,-0.772,0.034,0.528,1.08,-1.17,-1.35,17.42,15.79,0,1
1785171179.3256302,LEFTARMUP,182.2,333.1,154.7,266.3,0.0,350.2,353.2,339.5,27.9,0.0,160.4,0.0,131.2,0.0,0.503,0.012,0.727,-12.06,-23.85,-5.36,-0.765,0.032,0.522,0.87,-0.76,-1.38,19.07,17.59,0,1
1785171179.333697,LEFTARMUP,182.4,333.0,155.2,266.6,0.0,350.0,352.8,339.5,27.9,0.0,160.4,0.0,131.2,0.0,0.522,-0.032,0.75,-7.49,-19.45,-8.34,-0.763,0.033,0.523,0.12,0.27,-1.51,18.55,16.7,0,1
1785171179.34531,LEFTARMUP,182.5,332.8,155.6,267.2,0.0,261.3,352.4,339.5,27.9,0.0,160.4,0.0,131.2,0.0,0.523,-0.013,0.752,-4.66,-13.82,-11.47,-0.769,0.041,0.529,-0.13,0.49,-1.67,17.16,15.27,0,1
1785171179.3554432,LEFTARMUP,182.6,332.7,156.0,267.8,0.0,194.8,352.1,339.5,27.9,0.0,160.4,0.0,131.2,0.0,0.522,-0.009,0.744,-3.11,-11.08,-14.45,-0.762,0.045,0.528,-0.95,1.14,-1.64,16.87,14.95,0,1
1785171179.3648796,LEFTARMUP,182.7,332.6,156.3,268.4,0.0,145.0,351.5,339.5,27.9,0.0,160.4,0.0,131.2,0.0,0.524,-0.01,0.799,-2.6,-13.4,-16.34,-0.77,0.03,0.531,-1.31,2.34,-1.47,16.15,14.47,0,1
1785171179.3743415,LEFTARMUP,182.7,332.5,156.8,269.0,0.0,107.6,351.1,339.5,27.9,0.0,160.4,0.0,131.2,0.0,0.54,-0.016,0.817,-3.22,-16.23,-17.26,-0.771,0.024,0.533,-1.31,2.31,-1.24,15.12,13.6,0,1
1785171179.3787777,LEFTARMUP,182.5,332.4,157.2,269.5,0.0,79.6,350.6,339.5,27.9,0.0,160.4,0.0,131.2,0.0,0.571,-0.031,0.8,-2.28,-17.31,-18.07,-0.773,0.022,0.536,-0.91,2.98,-1.58,15.84,14.2,0,1
1785171179.3954422,LEFTARMUP,182.5,332.3,157.8,270.1,0.0,58.5,350.3,339.5,27.8,0.0,160.4,0.0,131.2,0.0,0.59,-0.036,0.779,0.73,-17.04,-18.13,-0.776,0.014,0.532,-0.94,3.39,-1.92,16.88,14.65,0,1
1785171179.4037168,LEFTARMUP,182.5,332.5,158.3,270.6,0.0,42.9,349.9,339.5,27.8,0.0,160.4,0.0,131.2,0.0,0.597,-0.027,0.744,3.89,-15.87,-18.44,-0.785,0.032,0.527,-0.45,3.11,-2.11,16.16,14.24,0,1
1785171179.415256,LEFTARMUP,182.4,332.4,159.0,271.1,0.0,31.2,349.6,339.5,27.8,0.0,160.4,0.0,131.2,0.0,0.615,0.002,0.763,5.58,-16.72,-16.83,-0.793,0.03,0.552,-0.73,2.63,-2.05,15.12,13.18,0,1
1785171179.424528,LEFTARMUP,182.2,332.3,159.8,271.7,0.0,22.4,349.4,339.5,27.8,0.0,160.4,0.0,131.2,0.0,0.609,0.031,0.739,5.72,-17.15,-15.25,-0.79,0.034,0.543,-1.43,3.08,-1.81,13.84,12.13,0,1
1785171179.4352705,LEFTARMUP,182.0,332.2,160.4,272.1,0.0,15.9,349.2,339.5,27.8,0.0,160.4,0.0,131.2,0.0,0.61,0.039,0.752,3.48,-18.26,-12.72,-0.807,0.034,0.53,-2.19,2.57,-0.65,12.88,11.35,0,1
1785171179.446858,LEFTARMUP,181.8,332.2,160.9,272.6,0.0,11.1,349.0,339.5,27.9,0.0,160.4,0.0,131.2,0.0,0.618,0.036,0.775,1.67,-20.63,-10.76,-0.814,0.021,0.523,-2.5,1.74,-0.15,12.41,11.01,0,1
1785171179.4557226,LEFTARMUP,181.8,332.1,161.6,273.1,0.0,7.4,348.9,339.5,27.9,0.0,160.4,0.0,131.2,0.0,0.625,0.039,0.779,0.15,-20.48,-9.79,-0.821,0.011,0.533,-2.62,1.28,-0.02,12.31,11.01,0,1
1785171179.4648964,LEFTARMUP,181.7,332.0,162.2,273.7,0.0,4.7,348.8,339.7,27.9,0.0,160.4,0.0,131.2,0.0,0.617,0.044,0.763,1.56,-18.95,-9.39,-0.814,0.004,0.524,-1.69,0.04,-1.0,12.73,11.76,0,1
1785171179.4742131,LEFTARMUP,181.6,331.9,162.8,274.1,0.0,2.6,348.6,339.7,27.9,0.0,160.4,0.0,131.2,0.0,0.607,0.052,0.723,3.83,-16.8,-8.91,-0.809,0.02,0.519,-0.56,-0.92,-1.46,13.05,11.57,0,1
1785171179.4839606,LEFTARMUP,181.5,331.8,163.5,274.7,0.0,1.1,348.4,339.7,27.8,0.0,160.4,0.0,131.2,0.0,0.611,0.061,0.743,4.37,-16.44,-8.55,-0.802,0.019,0.529,-0.6,-1.81,-0.89,13.79,12.43,0,1
1785171179.4956686,LEFTARMUP,181.4,331.7,164.0,275.2,0.0,0.0,348.1,339.6,27.8,0.0,160.4,0.0,131.2,0.0,0.597,0.058,0.728,3.44,-15.64,-9.27,-0.804,0.022,0.528,-0.57,-2.1,-0.45,14.34,12.82,0,1
1785171179.505742,LEFTARMUP,181.3,331.6,164.5,275.7,0.0,0.0,347.8,339.6,27.8,0.0,160.4,0.0,131.2,0.0,0.583,0.0,0.791,7.9,-18.06,-12.38,-0.802,0.027,0.531,-0.96,-1.93,-0.43,14.75,13.36,0,1
1785171179.516854,LEFTARMUP,181.2,331.5,165.1,276.4,0.0,0.0,347.6,339.6,27.8,0.0,160.4,0.0,131.2,0.0,0.618,0.035,0.714,5.97,-14.34,-14.36,-0.798,0.027,0.535,-0.82,-1.87,-0.9,16.07,14.77,0,1
1785171179.525621,LEFTARMUP,181.1,331.5,165.6,277.1,0.0,0.0,347.1,339.6,27.8,0.0,160.4,0.0,131.2,0.0,0.6,0.038,0.767,8.6,-11.9,-12.44,-0.782,0.031,0.534,-0.75,-2.05,-0.65,16.3,14.58,0,1
1785171179.5357144,LEFTARMUP,181.0,331.5,166.3,277.7,0.0,0.0,346.9,339.6,27.8,0.0,160.4,0.0,131.2,0.0,0.617,0.044,0.774,10.8,-10.95,-10.24,-0.779,0.028,0.539,-0.72,-2.16,-0.55,15.22,13.19,0,1
1785171179.547666,LEFTARMUP,180.9,331.5,167.0,278.4,0.0,0.0,346.8,339.6,27.8,0.0,160.4,0.0,131.2,0.0,0.619,0.039,0.768,14.61,-8.5,-10.18,-0.779,0.031,0.531,-0.62,-1.66,-0.47,14.67,12.89,0,1
1785171179.5553582,LEFTARMUP,180.9,331.5,167.6,279.1,0.0,0.0,346.1,339.6,27.8,0.0,160.4,0.0,131.2,0.0,0.608,0.075,0.776,16.86,-6.5,-8.88,-0.779,0.02,0.538,-0.38,-1.09,-0.93,14.0,12.42,0,1
1785171179.5664053,LEFTARMUP,180.8,331.5,168.3,279.8,0.0,0.0,345.9,339.6,27.8,0.0,160.4,0.0,131.2,0.0,0.631,0.075,0.773,17.52,-3.24,-7.5,-0.781,0.029,0.533,-0.11,-0.78,-1.44,14.5,12.56,0,1
1785171179.5745115,LEFTARMUP,180.7,331.5,169.1,280.6,0.0,0.0,345.7,339.6,27.8,0.0,160.7,0.0,131.2,0.0,0.654,0.06,0.748,17.03,1.03,-7.44,-0.767,0.027,0.526,0.02,0.28,-1.47,14.38,12.92,0,1
1785171179.5870686,LEFTARMUP,180.6,331.4,169.9,281.5,0.0,0.0,345.3,339.6,27.8,0.0,160.6,0.0,131.2,0.0,0.637,0.071,0.739,15.21,4.5,-5.73,-0.773,0.028,0.527,-0.18,0.58,-1.18,14.03,14.19,0,1
1785171179.5958195,LEFTARMUP,180.5,331.4,170.7,282.5,0.0,0.0,344.9,339.6,27.8,0.0,160.6,0.0,131.2,0.0,0.632,0.102,0.76,11.07,5.92,-2.59,-0.771,0.033,0.525,-0.28,1.27,-1.6,15.02,14.39,0,1
1785171179.6057112,LEFTARMUP,180.4,331.4,173.5,283.4,0.0,0.0,344.4,339.6,27.8,0.0,160.6,0.0,131.2,0.0,0.605,0.13,0.778,5.7,6.47,0.91,-0.778,0.034,0.536,-0.53,1.89,-2.11,17.52,16.8,0,1
1785171179.6120672,LEFTARMUP,180.2,331.4,175.6,284.3,0.0,0.0,344.0,339.6,27.8,0.0,160.6,0.0,131.5,0.0,0.588,0.117,0.78,-0.66,3.25,3.81,-0.779,0.038,0.518,-1.31,1.85,-1.53,27.14,26.1,0,1
1785171179.6255355,LEFTARMUP,180.0,331.4,177.4,285.2,0.0,0.0,343.4,339.6,27.8,0.0,160.6,0.0,131.4,0.0,0.589,0.071,0.773,-4.15,-0.91,4.2,-0.779,0.032,0.537,-2.08,2.67,-1.15,47.85,47.07,0,1
1785171179.6356964,LEFTARMUP,179.8,331.4,179.1,286.1,0.0,0.0,342.8,339.6,27.8,0.0,160.6,0.0,131.3,0.0,0.583,0.054,0.764,-3.22,-5.21,2.88,-0.793,0.032,0.559,-2.34,2.2,-1.01,67.14,66.05,0,1
1785171179.6465943,LEFTARMUP,179.5,331.3,180.4,287.0,0.0,0.0,342.2,339.6,27.8,0.0,160.7,0.0,131.3,0.0,0.604,0.051,0.75,-0.55,-8.1,1.65,-0.773,0.013,0.542,-1.95,2.66,-1.69,71.86,70.54,0,1
1785171179.653693,LEFTARMUP,179.3,331.3,181.5,287.9,0.0,0.0,341.6,339.6,27.8,0.0,160.6,0.0,131.2,0.0,0.624,0.046,0.749,1.36,-9.54,0.4,-0.783,0.012,0.521,-1.39,2.56,-1.5,68.39,67.16,0,1
1785171179.6663132,LEFTARMUP,179.1,331.3,182.5,288.7,0.0,0.0,341.1,339.6,27.8,0.0,160.6,0.0,131.2,0.0,0.644,0.044,0.763,2.64,-11.34,-0.01,-0.802,0.01,0.539,-0.85,2.18,-0.98,67.79,66.62,0,1
1785171179.6755116,LEFTARMUP,179.0,331.3,183.4,289.7,0.0,0.0,340.5,339.6,27.9,0.0,160.6,0.0,131.2,0.0,0.639,0.028,0.777,2.66,-11.95,-0.16,-0.795,0.016,0.526,-0.51,2.69,-1.25,81.35,80.71,0,1
1785171179.6856573,LEFTARMUP,178.9,331.3,184.3,290.6,0.0,0.0,340.0,339.6,27.9,0.0,160.8,0.0,131.2,0.0,0.659,0.004,0.769,6.11,-12.05,-2.78,-0.797,0.011,0.53,0.22,2.66,-1.88,85.51,85.03,0,1
1785171179.6960964,LEFTARMUP,178.8,331.3,185.1,291.4,0.0,0.0,339.5,339.5,27.9,0.0,160.7,0.0,131.2,0.0,0.64,0.027,0.765,9.29,-9.43,-3.09,-0.796,0.011,0.523,0.53,2.43,-1.95,95.63,95.03,0,1
1785171179.7060091,LEFTARMUP,178.7,331.3,186.1,292.3,0.0,0.0,338.9,339.5,27.9,0.0,160.9,0.0,131.1,0.0,0.635,0.031,0.763,11.52,-5.74,-1.87,-0.815,0.016,0.529,1.34,1.84,-1.97,99.97,99.27,0,1
1785171179.7128377,LEFTARMUP,178.6,331.3,187.0,293.2,0.0,0.0,338.3,339.5,27.9,0.0,160.8,0.0,131.1,0.0,0.603,0.009,0.731,17.76,-9.98,-2.99,-0.813,0.018,0.524,2.13,0.97,-2.61,96.98,95.95,0,1
1785171179.724013,LEFTARMUP,178.4,331.3,187.8,294.1,0.0,0.0,337.7,339.5,27.9,0.0,160.7,0.0,131.1,0.0,0.638,0.055,0.719,13.98,-4.82,-1.18,-0.8,0.039,0.51,1.71,0.37,-2.84,94.99,93.96,0,1
1785171179.7356617,LEFTARMUP,178.3,331.3,188.6,295.0,0.0,0.0,336.9,339.5,27.9,0.0,160.7,0.0,131.1,0.0,0.64,0.029,0.759,12.18,-1.4,4.85,-0.799,0.054,0.528,0.25,-0.31,-1.66,84.74,83.22,0,1
1785171179.7458334,LEFTARMUP,178.2,331.3,189.6,296.0,43.3,0.0,336.3,339.5,27.9,0.0,160.7,0.0,131.1,0.0,0.677,0.014,0.723,14.91,-2.21,5.35,-0.799,0.046,0.535,-2.07,-0.33,-0.28,76.05,74.67,0,1
1785171179.7553446,LEFTARMUP,178.0,331.3,190.6,282.4,76.7,0.0,335.7,339.5,27.9,0.0,160.7,0.0,131.1,0.0,0.69,0.059,0.715,17.28,1.53,5.11,-0.798,0.031,0.525,-2.98,-0.59,0.12,70.79,68.75,0,1
1785171179.765995,LEFTARMUP,177.8,331.3,191.6,279.6,104.2,0.0,334.9,339.5,27.9,0.0,160.7,0.0,131.1,0.0,0.673,0.09,0.73,16.53,4.2,8.71,-0.797,0.021,0.517,-2.7,-1.21,-0.08,69.59,67.56,0,1
1785171179.7747908,LEFTARMUP,177.6,331.3,192.8,281.3,125.0,0.0,334.2,339.5,27.9,0.0,160.7,0.0,131.1,0.0,0.654,0.116,0.703,14.6,7.09,11.95,-0.796,0.017,0.535,-2.11,-1.49,-0.31,77.19,75.42,0,1
1785171179.785468,LEFTARMUP,177.4,331.3,193.7,285.7,140.9,0.0,333.5,339.5,27.9,0.0,160.6,0.0,131.1,0.0,0.63,0.109,0.705,13.11,8.92,13.21,-0.787,0.017,0.534,-1.89,-1.21,-0.59,87.4,85.57,0,1
1785171179.79574,LEFTARMUP,177.3,331.3,194.9,289.5,153.1,0.0,332.7,339.5,27.9,0.0,160.7,0.0,131.1,0.0,0.613,0.091,0.705,11.33,8.85,14.81,-0.787,0.022,0.535,-1.79,-1.01,-0.45,93.55,91.92,0,1
1785171179.8037112,LEFTARMUP,177.3,331.4,196.0,289.3,162.5,0.0,331.8,339.5,27.9,0.0,160.7,0.0,131.1,0.0,0.605,0.081,0.72,10.08,8.7,14.73,-0.784,0.021,0.532,-1.47,-0.67,-0.2,91.16,90.44,0,1
1785171179.8118508,LEFTARMUP,177.3,331.4,197.2,291.7,169.8,0.0,330.9,339.5,27.9,0.0,160.7,0.0,131.1,0.0,0.6,0.062,0.715,10.05,8.61,13.55,-0.777,0.02,0.542,-0.86,-0.31,-0.89,87.12,86.58,0,1
1785171179.8257315,LEFTARMUP,177.3,331.5,198.3,294.4,175.4,0.0,330.0,339.5,27.9,0.0,160.7,0.0,131.1,0.0,0.572,0.036,0.74,13.66,5.25,11.64,-0.782,0.026,0.527,-0.42,-0.02,-0.94,85.34,84.44,0,1
1785171179.8340423,LEFTARMUP,177.3,331.6,199.3,295.9,180.0,0.0,329.0,339.4,27.9,0.0,160.6,0.0,131.1,0.0,0.598,0.086,0.696,14.16,5.92,9.76,-0.783,0.04,0.53,-1.47,0.51,-0.79,74.51,73.83,0,1
1785171179.8449657,LEFTARMUP,177.3,331.7,200.5,298.4,183.6,0.0,328.0,339.5,27.9,0.0,160.6,0.0,131.1,0.0,0.564,0.098,0.745,9.5,8.48,13.65,-0.786,0.037,0.53,-2.25,0.96,-0.51,65.13,64.62,0,1
1785171179.853783,LEFTARMUP,177.3,331.8,201.8,300.5,186.7,0.0,326.9,339.5,27.9,0.0,160.6,0.0,131.1,0.0,0.573,0.075,0.738,8.36,5.29,14.28,-0.787,0.032,0.534,-2.91,1.08,-0.4,62.35,60.22,0,1
1785171179.8654454,LEFTARMUP,177.3,331.9,202.9,302.2,189.3,0.0,325.8,339.5,27.9,0.0,160.6,0.0,131.1,0.0,0.568,0.06,0.716,8.27,1.82,12.98,-0.775,0.021,0.534,-2.9,1.41,-0.35,58.76,56.16,0,1
1785171179.8771155,LEFTARMUP,177.3,332.1,204.0,303.9,190.8,0.0,324.7,339.5,27.9,0.0,160.6,0.0,131.1,0.0,0.585,0.07,0.716,9.03,0.91,11.9,-0.79,0.015,0.539,-1.93,1.47,-0.74,54.32,51.87,0,1
1785171179.8855863,LEFTARMUP,177.3,332.2,205.1,305.1,192.8,0.0,323.6,339.5,27.9,0.0,160.6,0.0,131.1,0.0,0.603,0.074,0.72,9.39,0.42,12.06,-0.795,0.012,0.527,-0.87,1.37,-1.1,48.24,46.4,0,1
1785171179.8937857,LEFTARMUP,177.3,332.3,206.3,306.3,194.4,0.0,322.6,339.5,27.9,0.0,160.6,0.0,131.1,0.0,0.623,0.09,0.74,8.66,0.89,13.66,-0.792,0.015,0.537,-0.1,1.3,-1.84,45.18,43.3,0,1
1785171179.9053102,LEFTARMUP,177.3,332.5,207.3,307.6,195.5,0.0,321.6,339.5,27.9,0.0,160.6,0.0,131.1,0.0,0.611,0.09,0.731,7.25,1.16,15.68,-0.785,0.025,0.524,-0.11,1.38,-1.76,43.88,44.98,0,1
1785171179.9154544,LEFTARMUP,177.3,332.7,208.3,308.7,194.5,0.0,320.6,339.5,27.9,0.0,160.6,0.0,131.1,0.0,0.596,0.078,0.725,7.58,0.01,15.69,-0.791,0.026,0.523,0.13,1.5,-1.37,43.66,43.98,0,1
1785171179.9256551,LEFTARMUP,177.3,332.9,209.4,309.8,196.3,0.0,319.7,339.5,27.9,0.0,160.6,0.0,131.1,0.0,0.603,0.077,0.71,8.95,-0.65,14.82,-0.79,0.027,0.527,-0.5,1.49,-1.38,44.75,43.99,0,1
1785171179.9357967,LEFTARMUP,177.3,333.1,210.3,310.9,146.1,0.0,318.9,339.5,27.9,0.0,160.6,0.0,131.0,0.0,0.593,0.072,0.703,9.15,-1.92,15.61,-0.795,0.027,0.526,0.02,1.48,-1.79,45.06,43.49,0,1
1785171179.9437678,LEFTARMUP,177.3,333.2,211.5,311.8,108.5,0.0,318.2,339.5,27.9,0.0,160.6,0.0,131.0,0.0,0.607,0.076,0.691,9.03,-1.79,16.56,-0.787,0.026,0.529,-0.11,1.71,-1.92,44.3,43.12,0,1
1785171179.9545202,LEFTARMUP,177.3,333.5,212.5,312.6,80.2,0.0,317.7,339.5,27.9,0.0,160.6,0.0,130.9,0.0,0.604,0.089,0.688,7.44,-1.14,16.84,-0.791,0.026,0.532,-0.79,1.72,-1.77,41.72,39.84,0,1
1785171179.9654906,LEFTARMUP,177.3,333.7,213.5,313.4,59.0,0.0,317.4,339.5,27.9,0.0,160.6,0.0,130.9,0.0,0.612,0.086,0.7,4.7,-1.98,17.89,-0.784,0.017,0.529,-0.68,1.76,-1.35,40.29,38.88,0,1
1785171179.9755573,LEFTARMUP,177.3,334.0,214.4,314.1,43.1,0.0,316.9,339.5,27.9,0.0,160.6,0.0,130.7,0.0,0.628,0.07,0.724,3.27,-3.97,16.52,-0.793,0.021,0.527,-0.47,2.05,-1.76,41.72,39.66,0,1
1785171179.9857879,LEFTARMUP,177.3,334.2,215.2,314.7,31.2,0.0,316.4,339.5,27.9,0.0,160.6,0.0,130.7,0.0,0.635,0.052,0.724,4.09,-6.83,13.5,-0.795,0.02,0.521,0.27,2.3,-1.97,41.29,39.24,0,1
1785171179.9936864,LEFTARMUP,177.3,334.5,216.0,315.1,22.3,0.0,315.8,339.5,27.9,0.0,160.6,0.0,130.7,0.0,0.646,0.047,0.72,7.28,-8.47,10.86,-0.789,0.029,0.533,0.07,2.55,-2.34,41.97,40.43,0,1
1785171180.0058143,LEFTARMUP,177.3,334.8,216.7,315.6,15.5,0.0,315.3,339.5,27.9,0.0,160.6,0.0,130.7,0.0,0.646,0.065,0.719,10.68,-9.67,8.49,-0.795,0.024,0.529,0.02,2.89,-2.21,40.47,39.07,0,1
1785171180.0172079,LEFTARMUP,177.3,334.9,217.4,316.1,10.5,0.0,314.9,339.5,27.9,0.0,160.6,0.0,130.7,0.0,0.635,0.081,0.687,10.93,-10.38,9.11,-0.8,0.024,0.523,-0.29,2.82,-1.64,38.61,35.31,0,1
1785171180.0255613,LEFTARMUP,177.3,335.2,218.1,316.7,6.7,0.0,314.5,339.5,27.9,0.0,160.6,0.0,130.6,0.0,0.627,0.056,0.688,9.88,-10.44,10.95,-0.799,0.035,0.523,-0.78,2.9,-1.81,35.95,33.73,0,1
1785171180.0347502,LEFTARMUP,177.3,335.5,218.7,317.2,3.9,0.0,314.2,339.5,27.9,0.0,160.6,0.0,130.5,0.0,0.62,0.084,0.688,9.0,-8.6,8.86,-0.799,0.034,0.521,-1.49,2.39,-1.05,36.97,34.8,0,1
1785171180.0462742,LEFTARMUP,177.3,335.8,219.3,317.6,1.7,0.0,314.0,339.5,27.9,0.0,160.6,0.0,130.5,0.0,0.638,0.111,0.71,8.18,-7.66,10.82,-0.79,0.031,0.524,-1.76,2.45,-0.85,40.72,38.85,0,1
1785171180.0553083,LEFTARMUP,177.3,336.0,220.0,318.1,0.1,0.0,313.9,339.5,27.9,0.0,160.6,0.0,130.5,0.0,0.633,0.1,0.713,7.14,-6.01,13.73,-0.783,0.02,0.514,-1.47,2.37,-1.47,44.54,42.64,0,1
1785171180.0635595,LEFTARMUP,177.3,336.4,220.5,318.5,0.0,0.0,313.7,339.5,27.9,0.0,160.6,0.0,130.5,0.0,0.656,0.112,0.721,5.85,-4.08,14.92,-0.794,0.022,0.529,-1.18,2.64,-1.83,53.16,51.23,0,1
1785171180.073778,LEFTARMUP,177.3,336.7,221.0,319.0,0.0,0.0,313.2,339.5,27.9,0.0,160.6,0.0,130.4,0.0,0.646,0.109,0.708,2.66,-3.61,16.64,-0.787,0.027,0.529,-1.02,2.93,-2.01,60.37,56.17,0,1
1785171180.0858266,LEFTARMUP,177.3,337.2,221.5,319.4,0.0,0.0,313.1,339.5,27.9,0.0,160.6,0.0,130.4,0.0,0.638,0.066,0.705,-0.12,-4.25,18.74,-0.788,0.025,0.529,-1.53,3.14,-1.62,64.28,60.13,0,1
1785171180.0951831,LEFTARMUP,177.2,337.3,221.9,319.6,0.0,0.0,313.1,339.5,27.9,0.0,160.6,0.0,130.3,0.0,0.638,0.032,0.713,-0.61,-5.28,17.34,-0.789,0.025,0.51,-1.26,3.76,-1.88,68.21,63.85,0,1
1785171180.0951831,LEFTARMUP,177.1,337.4,222.3,319.9,0.0,0.0,313.2,339.5,27.9,0.0,160.6,0.0,130.2,0.0,0.641,0.013,0.729,0.09,-7.21,14.31,-0.782,0.019,0.516,-0.84,4.41,-2.06,74.66,71.13,0,1
1785171180.1156313,LEFTARMUP,177.0,337.5,222.7,320.3,0.0,0.0,313.0,339.7,27.9,0.0,160.6,0.0,130.1,0.0,0.652,0.013,0.735,1.82,-9.76,10.82,-0.787,0.023,0.527,-0.47,5.15,-2.15,81.49,78.1,0,1
1785171180.1257715,LEFTARMUP,176.8,337.6,222.9,320.7,0.0,0.0,312.8,339.7,28.0,0.0,160.8,0.0,130.0,0.0,0.665,0.023,0.736,4.95,-11.03,9.62,-0.797,0.013,0.516,-0.05,5.35,-2.78,86.12,83.08,0,1
1785171180.1353562,LEFTARMUP,176.6,337.7,223.2,321.2,0.0,0.0,312.6,339.7,28.0,0.0,160.8,0.0,129.9,0.0,0.68,0.054,0.709,7.79,-10.56,9.33,-0.792,0.026,0.511,-0.3,5.66,-2.92,88.34,85.81,0,1
1785171180.1473544,LEFTARMUP,176.4,337.7,223.4,321.5,0.0,0.0,312.5,339.6,28.0,0.0,160.8,0.0,129.9,0.0,0.672,0.084,0.709,7.85,-9.04,10.99,-0.802,0.041,0.51,-1.01,5.5,-2.35,90.75,88.6,0,1
1785171180.1560423,LEFTARMUP,176.3,337.7,223.6,322.0,0.0,0.0,312.4,339.6,28.0,0.0,160.8,0.0,129.8,0.0,0.658,0.081,0.71,6.37,-10.7,13.08,-0.8,0.037,0.519,-2.16,5.17,-1.7,86.07,84.2,0,1
1785171180.1675525,LEFTARMUP,176.1,337.8,223.7,322.4,0.0,0.0,312.3,339.6,28.1,0.0,160.8,0.0,129.7,0.0,0.68,0.09,0.676,2.73,-12.15,12.66,-0.804,0.033,0.516,-2.63,5.04,-1.8,82.55,80.65,0,1
1785171180.1759133,LEFTARMUP,176.0,337.9,223.7,322.8,0.0,0.0,312.3,339.6,28.2,0.0,160.8,0.0,129.6,0.0,0.664,0.079,0.701,-2.73,-10.59,12.81,-0.801,0.022,0.517,-2.7,5.02,-1.83,81.91,79.74,0,1
1785171180.1854732,LEFTARMUP,175.9,337.9,223.8,323.1,0.0,0.0,312.2,339.6,28.2,0.0,160.8,0.0,129.5,0.0,0.661,0.058,0.735,-5.73,-9.17,14.08,-0.795,0.013,0.517,-2.3,5.26,-2.0,78.93,76.55,0,1
1785171180.197123,LEFTARMUP,175.9,337.9,223.9,323.5,0.0,0.0,312.2,339.6,28.2,0.0,160.8,0.0,129.3,0.0,0.659,0.03,0.738,-5.78,-10.17,16.07,-0.808,0.013,0.511,-1.69,5.02,-2.3,77.2,74.92,0,1
1785171180.2038944,LEFTARMUP,175.8,337.9,223.9,323.9,0.0,0.0,312.1,339.6,28.2,0.0,160.8,0.0,129.2,0.0,0.668,0.015,0.73,-1.71,-9.23,14.51,-0.796,0.017,0.508,-1.8,5.32,-2.11,75.15,74.69,0,1
1785171180.2159712,LEFTARMUP,175.7,337.9,223.9,324.1,48.9,0.0,312.1,339.6,28.2,0.0,160.8,0.0,129.1,0.0,0.636,0.031,0.72,1.37,-9.92,13.79,-0.796,0.007,0.508,-1.24,5.83,-3.02,73.61,73.02,0,1
1785171180.2251008,LEFTARMUP,175.6,337.9,223.9,324.5,88.6,0.0,312.0,339.5,28.3,0.0,160.8,0.0,129.0,0.0,0.635,0.039,0.711,1.95,-13.31,13.64,-0.793,0.009,0.519,-0.49,6.18,-3.15,70.46,69.76,0,1
1785171180.233561,LEFTARMUP,175.5,337.9,224.0,324.9,117.1,0.0,311.8,339.5,28.3,0.0,160.8,0.0,129.0,0.0,0.659,0.022,0.72,2.73,-15.69,10.44,-0.783,0.001,0.508,-0.03,7.12,-3.19,67.59,66.57,0,1
1785171180.2456186,LEFTARMUP,175.4,338.0,224.0,325.1,139.6,0.0,311.7,339.5,28.4,0.0,160.8,0.0,128.9,0.0,0.669,0.011,0.687,2.75,-16.79,7.39,-0.802,-0.003,0.526,1.14,8.31,-3.96,66.7,63.68,0,1
1785171180.2497787,LEFTARMUP,175.4,338.0,224.0,325.4,156.2,0.0,311.7,339.5,28.5,0.0,160.8,0.0,128.8,0.0,0.676,0.017,0.688,2.01,-17.48,6.04,-0.788,0.009,0.515,2.34,8.58,-4.69,62.52,60.01,0,1
1785171180.2631342,LEFTARMUP,175.3,338.1,224.0,325.7,169.6,0.0,311.7,339.5,28.6,0.0,160.8,0.0,128.6,0.0,0.705,0.007,0.692,1.23,-17.86,5.27,-0.812,0.022,0.509,2.24,9.13,-4.62,59.89,57.51,0,1
1785171180.2742882,LEFTARMUP,175.2,338.1,224.0,326.0,180.0,0.0,311.7,339.5,28.7,0.0,160.8,0.0,128.4,0.0,0.731,0.005,0.724,0.56,-17.42,3.73,-0.809,0.034,0.499,2.35,9.23,-4.84,59.92,57.63,0,1
1785171180.285883,LEFTARMUP,175.1,338.1,224.0,326.3,187.5,0.0,311.6,339.5,28.7,0.0,160.8,0.0,128.2,0.0,0.73,-0.02,0.725,1.76,-18.88,2.26,-0.802,0.038,0.494,1.4,8.25,-4.34,58.44,56.72,0,1
1785171180.2954721,LEFTARMUP,175.0,338.1,224.0,326.6,193.3,0.0,311.6,339.5,28.9,0.0,160.8,0.0,128.1,0.0,0.745,-0.029,0.722,5.44,-19.18,0.05,-0.821,0.038,0.496,0.08,8.57,-3.64,55.08,53.54,0,1
1785171180.2954721,LEFTARMUP,174.9,338.1,224.0,326.8,197.6,0.0,311.6,339.5,28.9,0.0,160.8,0.0,127.9,0.0,0.723,-0.01,0.699,9.3,-20.09,-1.46,-0.811,0.034,0.505,-0.85,8.69,-3.14,51.31,50.41,0,1
1785171180.316472,LEFTARMUP,174.8,338.0,224.1,327.3,201.0,0.0,311.6,339.5,28.9,0.0,160.8,0.0,127.7,0.0,0.714,0.006,0.673,12.53,-21.02,-2.16,-0.812,0.033,0.506,-1.92,8.56,-2.77,50.98,49.05,0,1
1785171180.3252225,LEFTARMUP,174.7,338.1,224.2,327.5,203.7,0.0,311.6,339.5,28.9,0.0,160.8,0.0,127.5,0.0,0.701,0.045,0.653,13.85,-21.55,-2.7,-0.822,0.025,0.505,-2.4,8.08,-2.29,53.49,51.79,0,1
1785171180.3356788,LEFTARMUP,174.7,338.1,224.3,327.6,205.7,0.0,311.6,339.5,28.9,0.0,160.8,0.0,127.3,0.0,0.7,0.072,0.64,10.4,-21.87,0.58,-0.843,0.02,0.5,-2.56,7.63,-2.37,54.36,55.34,0,1
1785171180.345621,LEFTARMUP,174.7,338.1,224.4,327.6,207.3,0.0,311.6,339.5,28.9,0.0,160.8,0.0,127.2,0.0,0.73,0.056,0.646,6.89,-20.6,3.2,-0.834,0.017,0.48,-2.5,5.99,-2.72,51.27,51.76,0,1
1785171180.345621,LEFTARMUP,174.7,338.1,224.5,327.6,208.6,0.0,311.6,339.5,28.9,0.0,160.8,0.0,127.1,0.0,0.78,0.01,0.668,9.37,-23.27,2.04,-0.835,0.015,0.471,-2.75,5.36,-2.08,49.46,48.57,0,1
1785171180.3622022,LEFTARMUP,174.7,338.1,224.6,327.7,209.7,0.0,311.6,339.5,28.9,0.0,160.8,0.0,127.0,0.0,0.756,0.028,0.65,8.63,-19.65,1.25,-0.831,0.014,0.482,-2.97,3.66,-1.27,48.09,47.18,0,1
1785171180.3741684,LEFTARMUP,174.7,338.0,224.7,327.8,210.5,0.0,311.5,339.5,28.9,0.0,160.8,0.0,126.9,0.0,0.718,0.038,0.65,6.11,-17.5,2.89,-0.833,0.013,0.491,-2.5,2.21,-1.34,45.57,45.13,0,1
1785171180.378869,LEFTARMUP,174.7,337.9,224.9,327.9,211.2,0.0,311.6,339.6,28.9,0.0,160.8,0.0,126.8,0.0,0.737,0.025,0.661,8.32,-20.62,6.51,-0.849,0.01,0.487,-2.53,0.55,-0.78,43.93,43.35,0,1
1785171180.39579,LEFTARMUP,174.7,337.8,225.1,328.0,212.1,0.0,311.6,339.6,28.9,0.0,160.8,0.0,126.8,0.0,0.729,0.056,0.658,10.43,-16.85,6.63,-0.838,0.008,0.491,-1.98,-0.15,-0.67,43.19,42.76,0,1
1785171180.4042985,LEFTARMUP,174.7,337.7,225.4,328.1,212.6,0.0,311.4,339.6,29.0,0.0,160.8,0.0,126.8,0.0,0.698,0.079,0.661,10.6,-15.53,9.19,-0.817,0.0,0.489,-1.41,-1.06,-0.41,42.9,42.82,0,1
1785171180.4125938,LEFTARMUP,174.7,337.7,225.6,328.2,213.0,0.0,311.5,339.6,29.0,0.0,160.8,0.0,126.8,0.0,0.692,0.09,0.628,8.47,-16.53,14.08,-0.81,-0.0,0.504,-0.24,-1.11,-0.85,54.67,54.37,0,1
1785171180.4203305,LEFTARMUP,174.7,337.4,225.7,328.3,213.4,0.0,311.5,339.6,29.0,0.0,160.8,0.0,126.8,0.0,0.72,0.063,0.621,7.63,-17.18,14.41,-0.799,0.009,0.495,0.98,-1.03,-1.83,56.0,55.27,0,1
1785171180.4286757,LEFTARMUP,174.7,337.1,225.8,328.5,213.7,0.0,311.5,339.6,29.0,0.0,160.8,0.0,126.8,0.0,0.742,0.034,0.662,7.42,-16.56,10.46,-0.801,0.016,0.496,1.43,-0.89,-2.09,52.25,51.21,0,1
1785171180.4459715,LEFTARMUP,174.7,336.8,225.9,328.6,214.1,0.0,311.5,339.6,29.0,0.0,160.8,0.0,126.8,0.0,0.716,0.031,0.655,7.21,-17.63,7.55,-0.814,0.018,0.495,1.52,-0.77,-2.21,57.69,56.65,0,1
1785171180.4459715,LEFTARMUP,174.7,336.6,226.0,328.7,214.5,0.0,311.6,339.6,29.0,0.0,160.8,0.0,126.8,0.0,0.699,0.024,0.646,5.59,-17.87,6.37,-0.812,0.017,0.503,0.98,-0.31,-1.8,64.77,63.49,0,1
1785171180.4620347,LEFTARMUP,174.7,336.4,226.1,328.8,214.8,0.0,311.6,339.6,29.0,0.0,160.6,0.0,126.8,0.0,0.681,0.028,0.644,5.66,-17.08,4.37,-0.811,0.029,0.5,0.13,0.08,-1.71,67.58,66.12,0,1
1785171180.4742436,LEFTARMUP,174.7,336.2,226.2,329.0,215.1,0.0,311.6,339.6,29.0,0.0,160.7,0.0,126.8,0.0,0.666,0.031,0.637,5.91,-18.05,4.13,-0.795,0.03,0.502,0.23,0.58,-2.27,69.68,68.34,0,1
1785171180.478652,LEFTARMUP,174.7,336.0,226.3,329.1,215.4,0.0,311.6,339.6,29.0,0.0,160.7,0.0,126.8,0.0,0.698,0.024,0.626,7.56,-18.56,1.41,-0.785,0.018,0.497,-0.32,2.05,-2.18,70.76,69.5,0,1
1785171180.4953065,LEFTARMUP,174.7,335.8,226.4,329.2,215.6,0.0,311.6,339.6,29.0,0.0,160.7,0.0,126.8,0.0,0.716,0.024,0.625,10.63,-18.85,-2.6,-0.791,0.015,0.502,-0.24,3.1,-1.67,75.82,74.63,0,1
1785171180.4953065,LEFTARMUP,174.7,335.8,226.5,329.3,215.8,0.0,311.6,339.6,29.0,0.0,160.7,0.0,126.8,0.0,0.744,0.063,0.602,11.43,-17.37,-3.9,-0.795,0.006,0.49,0.38,4.28,-2.5,68.87,67.72,0,1
1785171180.512642,LEFTARMUP,174.7,335.8,226.5,329.4,216.0,0.0,311.6,339.6,29.0,0.0,160.7,0.0,126.7,0.0,0.758,0.102,0.586,8.89,-14.42,-2.06,-0.8,0.004,0.482,1.49,5.42,-4.21,62.65,61.54,0,1
1785171180.5257578,LEFTARMUP,174.8,335.7,226.6,329.4,216.2,0.0,311.6,339.6,29.0,0.0,160.8,0.0,126.7,0.0,0.775,0.123,0.584,4.1,-10.86,1.65,-0.808,0.017,0.501,1.37,5.92,-4.99,55.74,54.66,0,1
1785171180.5299227,LEFTARMUP,174.8,335.7,226.6,329.4,216.4,0.0,311.6,339.6,29.0,0.0,160.8,0.0,126.7,0.0,0.761,0.108,0.574,-0.69,-7.71,4.83,-0.808,0.036,0.505,0.98,6.87,-5.39,57.3,55.74,0,1
1785171180.548539,LEFTARMUP,174.7,335.7,226.6,329.4,216.5,0.0,311.7,339.6,29.0,0.0,160.8,0.0,126.6,0.0,0.748,0.082,0.581,-3.08,-5.6,7.15,-0.813,0.039,0.499,-0.61,7.2,-4.86,58.73,57.31,0,1
1785171180.5558972,LEFTARMUP,174.7,335.7,226.6,329.5,216.6,0.0,311.7,339.6,29.0,0.0,160.8,0.0,126.6,0.0,0.735,0.048,0.588,-2.23,-4.6,8.06,-0.804,0.038,0.495,-2.02,7.89,-3.66,58.05,56.48,0,1
1785171180.5627878,LEFTARMUP,174.7,335.7,226.7,329.5,216.7,0.0,311.7,339.6,29.0,0.0,160.8,0.0,126.5,0.0,0.703,0.013,0.618,-0.46,-4.82,7.57,-0.817,0.018,0.502,-2.7,8.53,-2.93,53.78,52.11,0,1
1785171180.5745006,LEFTARMUP,174.7,335.7,226.7,329.5,216.8,0.0,311.7,339.8,29.1,0.0,160.8,0.0,126.4,0.0,0.759,-0.008,0.66,3.61,-6.54,6.38,-0.818,0.01,0.492,-2.89,7.95,-2.48,52.59,50.83,0,1
1785171180.580155,LEFTARMUP,174.7,335.7,226.7,329.5,216.8,0.0,311.7,339.7,28.8,0.0,160.8,0.0,126.2,0.0,0.765,-0.04,0.669,4.48,-7.66,1.37,-0.825,-0.01,0.481,-1.91,7.4,-3.46,54.44,52.87,0,1
1785171180.5965474,LEFTARMUP,174.7,335.7,226.7,329.5,216.9,0.0,311.7,339.7,29.0,0.0,160.8,0.0,126.1,0.0,0.782,-0.022,0.644,9.74,-9.51,-2.77,-0.825,0.001,0.479,-0.79,7.35,-4.07,59.83,58.16,0,1
1785171180.6044674,LEFTARMUP,174.7,335.8,226.7,329.5,217.0,0.0,311.7,339.7,29.1,0.0,160.8,0.0,125.9,0.0,0.779,0.017,0.626,12.45,-10.02,-5.53,-0.832,0.006,0.479,-0.02,6.86,-4.42,65.12,63.12,0,1
1785171180.6120756,LEFTARMUP,174.7,335.8,226.7,329.5,217.1,0.0,311.7,339.6,29.2,0.0,160.9,0.0,125.7,0.0,0.773,0.088,0.629,9.02,-9.22,-1.89,-0.838,0.013,0.473,0.02,5.82,-4.15,70.84,68.59,0,1
1785171180.6120756,LEFTARMUP,174.7,335.8,226.7,329.5,217.2,0.0,311.7,339.6,29.3,0.0,160.9,0.0,125.5,0.0,0.77,0.073,0.633,4.71,-9.11,2.37,-0.847,0.007,0.48,-0.82,4.68,-3.21,71.38,69.69,0,1
1785171180.6356814,LEFTARMUP,174.7,335.8,226.7,329.5,217.3,0.0,311.7,339.6,29.4,0.0,160.9,0.0,125.3,0.0,0.763,0.034,0.63,4.12,-8.17,2.77,-0.846,0.016,0.469,-1.1,3.56,-2.63,73.04,71.02,0,1
1785171180.6465185,LEFTARMUP,174.7,335.8,226.8,329.5,217.4,0.0,311.7,339.6,29.5,0.0,160.9,0.0,125.3,0.0,0.782,0.015,0.614,7.63,-10.24,3.35,-0.852,0.018,0.475,-1.6,2.07,-2.22,75.03,73.01,0,1
1785171180.6557333,LEFTARMUP,174.7,335.8,226.9,329.5,217.6,0.0,311.7,339.6,29.6,0.0,160.9,0.0,125.2,0.0,0.784,0.021,0.599,12.27,-11.57,-0.96,-0.844,0.01,0.479,-1.67,1.0,-1.54,74.52,72.26,0,1
1785171180.667127,LEFTARMUP,174.7,335.8,227.0,329.5,217.7,0.0,311.7,339.6,29.6,0.0,161.1,0.0,125.1,0.0,0.784,0.036,0.589,14.21,-14.9,-3.76,-0.828,0.002,0.486,-1.49,0.37,-1.11,70.89,66.45,0,1
1785171180.6768134,LEFTARMUP,174.7,335.8,227.0,329.5,217.9,0.0,311.7,339.6,29.6,0.0,161.0,0.0,124.9,0.0,0.796,0.057,0.593,13.08,-15.61,-5.07,-0.829,0.01,0.483,-1.26,-0.03,-1.24,63.67,60.08,0,1
1785171180.6808739,LEFTARMUP,174.7,335.8,227.1,329.5,218.1,0.0,311.7,339.6,29.6,0.0,161.0,0.0,124.8,0.0,0.813,0.088,0.601,8.37,-14.02,-3.19,-0.836,0.016,0.485,-1.45,-0.5,-1.1,59.0,56.06,0,1
1785171180.6959558,LEFTARMUP,174.7,335.8,227.2,329.5,218.2,0.0,311.8,339.6,29.6,0.0,161.0,0.0,124.8,0.0,0.826,0.077,0.6,5.53,-12.18,-1.41,-0.83,0.02,0.48,-2.28,-0.91,-0.4,56.5,53.8,0,1
1785171180.7066917,LEFTARMUP,174.8,335.8,227.3,329.5,218.3,0.0,311.9,339.6,29.7,0.0,161.0,0.0,124.8,0.0,0.817,0.078,0.603,3.99,-9.7,-0.07,-0.826,0.017,0.484,-2.89,-1.08,0.19,58.38,55.6,0,1
1785171180.7133148,LEFTARMUP,174.8,335.8,227.5,329.5,218.5,0.0,311.9,339.6,29.7,0.0,161.0,0.0,124.8,0.0,0.794,0.088,0.586,2.97,-7.95,1.02,-0.822,0.005,0.49,-2.77,-0.75,0.6,58.53,55.95,0,1
1785171180.7223864,LEFTARMUP,174.8,335.8,227.8,329.5,218.7,0.0,311.9,339.6,29.8,0.0,161.0,0.0,124.8,0.0,0.812,0.091,0.58,1.95,-4.99,1.78,-0.812,-0.009,0.492,-2.41,-0.3,0.72,61.4,59.46,0,1
1785171180.7361467,LEFTARMUP,174.9,335.8,228.0,329.5,218.9,0.0,311.9,339.6,29.8,0.0,161.0,0.0,124.8,0.0,0.777,0.086,0.568,1.39,-5.02,6.63,-0.817,-0.007,0.479,-0.9,-0.29,0.6,75.55,73.35,0,1
1785171180.7468967,LEFTARMUP,174.9,335.7,228.3,329.7,219.1,0.0,311.9,339.6,29.9,0.0,161.0,0.0,124.8,0.0,0.777,0.073,0.58,2.39,-3.53,8.32,-0.816,0.006,0.475,-0.76,0.73,-0.05,85.66,83.01,0,1
1785171180.7552996,LEFTARMUP,174.9,335.6,228.4,329.7,219.2,0.0,311.9,339.6,29.9,0.0,161.2,0.0,124.8,0.0,0.781,0.069,0.601,3.41,-2.4,8.23,-0.824,0.004,0.485,0.08,0.5,0.0,123.75,121.01,0,1
1785171180.7634962,LEFTARMUP,174.9,335.4,228.6,329.7,219.3,0.0,311.9,339.6,29.9,0.0,161.2,0.0,124.8,0.0,0.784,0.064,0.609,2.82,-1.93,7.52,-0.823,0.012,0.482,0.27,0.63,-0.38,135.06,132.76,0,1
1785171180.7752006,LEFTARMUP,174.9,335.3,228.7,329.7,219.5,0.0,311.9,339.8,29.9,0.0,161.1,0.0,124.8,0.0,0.77,0.061,0.619,0.6,-1.91,6.66,-0.819,0.019,0.484,0.15,0.53,-0.5,146.29,144.57,0,1
1785171180.787517,LEFTARMUP,174.9,335.2,229.0,329.7,219.6,0.0,311.9,339.7,29.8,0.0,161.1,0.0,124.8,0.0,0.741,0.054,0.616,-1.0,-2.27,6.56,-0.815,0.006,0.499,0.24,0.85,-0.47,151.72,150.17,0,1
1785171180.7965891,LEFTARMUP,174.9,335.1,229.1,329.7,219.7,0.0,311.9,339.7,29.8,0.0,161.1,0.0,124.8,0.0,0.715,0.049,0.605,-1.45,-2.47,6.6,-0.819,-0.004,0.482,0.1,1.7,-0.31,171.29,169.88,0,1
1785171180.801213,LEFTARMUP,174.9,335.0,229.1,329.7,219.8,0.0,312.0,339.7,29.8,0.0,161.1,0.0,124.8,0.0,0.724,0.036,0.627,1.31,-3.53,5.33,-0.803,-0.001,0.488,1.69,2.76,-1.99,132.97,127.66,0,1
1785171180.815812,LEFTARMUP,174.9,334.9,229.2,329.7,219.9,0.0,312.0,339.6,29.8,0.0,161.1,0.0,124.8,0.0,0.738,0.038,0.631,1.18,-4.12,2.39,-0.815,0.003,0.485,2.99,2.99,-2.66,105.23,101.0,0,1
1785171180.821802,LEFTARMUP,174.9,334.9,229.2,329.7,220.0,0.0,312.0,339.6,29.8,0.0,161.0,0.0,124.8,0.0,0.761,0.057,0.676,0.03,-3.71,-0.46,-0.808,0.026,0.485,2.6,4.05,-2.51,85.17,82.0,0,1
1785171180.835635,LEFTARMUP,174.9,334.8,229.2,329.7,220.1,0.0,312.0,339.6,29.8,0.0,161.0,0.0,124.8,0.0,0.793,0.016,0.599,0.2,-5.27,1.25,-0.831,0.034,0.485,1.9,4.08,-2.69,70.88,68.0,0,1
1785171180.8450513,LEFTARMUP,174.9,334.8,229.3,329.7,220.1,0.0,312.0,339.6,29.8,0.0,161.0,0.0,124.8,0.0,0.8,0.021,0.583,3.14,-2.84,1.63,-0.825,0.034,0.473,0.69,4.23,-3.08,62.41,60.25,0,1
1785171180.8556452,LEFTARMUP,174.9,334.8,229.3,329.7,220.3,0.0,312.0,339.6,29.8,0.0,161.0,0.0,124.7,0.0,0.788,0.058,0.582,3.81,-1.1,3.38,-0.822,0.04,0.48,-0.85,4.59,-2.68,57.81,55.94,0,1
1785171180.867804,LEFTARMUP,174.9,334.7,229.4,329.7,220.5,0.0,312.0,339.6,29.8,0.0,161.0,0.0,124.7,0.0,0.806,0.06,0.586,2.6,0.24,6.11,-0.826,0.029,0.483,-1.84,4.67,-2.52,54.35,52.45,0,1
1785171180.875249,LEFTARMUP,174.9,334.7,229.5,329.8,220.6,0.0,312.1,339.6,29.9,0.0,161.0,0.0,124.6,0.0,0.797,0.061,0.58,2.18,1.56,8.08,-0.827,0.021,0.477,-2.06,4.63,-2.85,52.27,50.34,0,1
1785171180.8863888,LEFTARMUP,174.8,334.7,229.6,329.9,220.7,0.0,312.1,339.6,30.0,0.0,161.0,0.0,124.5,0.0,0.782,0.07,0.589,2.43,2.62,8.62,-0.839,0.018,0.479,-2.24,4.19,-2.87,52.45,51.0,0,1
1785171180.894602,LEFTARMUP,174.7,334.7,229.7,330.0,220.8,0.0,312.1,339.7,30.0,0.0,161.0,0.0,124.4,0.0,0.782,0.061,0.586,2.94,1.13,12.44,-0.85,0.013,0.468,-2.83,3.02,-2.24,53.34,52.0,0,1
1785171180.894602,LEFTARMUP,174.7,334.7,229.8,330.0,220.9,0.0,312.1,339.7,30.1,0.0,160.9,0.0,124.4,0.0,0.798,0.046,0.586,5.15,1.38,10.5,-0.836,0.009,0.474,-2.69,2.24,-2.06,54.75,53.5,0,1
1785171180.9178662,LEFTARMUP,174.7,334.7,230.0,330.0,221.0,0.0,312.1,339.7,30.1,0.0,160.9,0.0,124.4,0.0,0.784,0.043,0.574,5.76,0.14,8.82,-0.848,0.005,0.479,-2.27,1.5,-2.09,56.56,54.63,0,1
1785171180.9254048,LEFTARMUP,174.7,334.7,230.1,330.0,221.0,0.0,312.1,339.6,30.2,0.0,161.0,0.0,124.4,0.0,0.795,0.042,0.55,6.89,-0.96,8.69,-0.834,-0.003,0.471,-2.02,0.73,-2.24,58.42,56.72,0,1
1785171180.931434,LEFTARMUP,174.7,334.7,230.1,330.0,221.0,0.0,312.0,339.6,30.2,0.0,161.0,0.0,124.3,0.0,0.815,0.048,0.554,7.97,-0.43,7.93,-0.841,0.003,0.475,-0.68,0.56,-2.59,61.32,59.04,0,1
1785171180.9483054,LEFTARMUP,174.7,334.6,230.2,330.1,221.0,0.0,312.0,339.6,30.3,0.0,161.0,0.0,124.3,0.0,0.808,0.067,0.564,6.73,0.48,8.11,-0.834,0.008,0.475,-0.5,-0.1,-2.6,62.24,60.28,0,1
1785171180.9556203,LEFTARMUP,174.7,334.5,230.3,330.1,221.0,0.0,312.0,339.6,30.3,0.0,161.0,0.0,124.3,0.0,0.802,0.082,0.57,3.96,1.0,10.06,-0.838,0.012,0.469,-1.36,-0.56,-1.72,63.93,61.46,0,1
1785171180.9556203,LEFTARMUP,174.7,334.5,230.4,330.1,221.0,0.0,312.0,339.6,30.4,0.0,161.0,0.0,124.3,0.0,0.82,0.08,0.584,2.02,2.03,11.75,-0.841,0.017,0.46,-1.79,-1.34,-0.91,64.95,63.35,0,1
1785171180.9752054,LEFTARMUP,174.7,334.4,230.5,330.1,221.0,0.0,312.0,339.6,30.4,0.0,161.0,0.0,124.3,0.0,0.819,0.08,0.59,0.88,2.65,13.21,-0.834,0.01,0.477,-1.95,-1.56,-0.8,67.21,65.51,0,1
1785171180.987845,LEFTARMUP,174.7,334.4,230.6,330.1,221.0,0.0,312.0,339.6,30.4,0.0,161.0,0.0,124.3,0.0,0.814,0.072,0.588,-0.06,2.44,13.11,-0.82,0.007,0.479,-1.73,-1.38,-0.79,70.16,68.63,0,1
1785171180.987845,LEFTARMUP,174.7,334.3,230.6,330.1,221.0,0.0,312.1,339.6,30.4,0.0,161.0,0.0,124.3,0.0,0.799,0.057,0.598,-1.34,1.53,11.76,-0.806,0.004,0.465,-1.63,-0.8,-0.69,72.62,71.22,0,1
1785171181.0060732,LEFTARMUP,174.7,334.1,230.6,330.1,221.0,0.0,312.1,339.6,30.4,0.0,161.0,0.0,124.3,0.0,0.788,0.036,0.594,-1.48,0.76,9.69,-0.813,0.006,0.482,-0.91,-0.31,-0.69,75.46,73.92,0,1
1785171181.0177705,LEFTARMUP,174.7,334.0,230.6,330.1,221.0,0.0,312.1,339.6,30.4,0.0,161.0,0.0,124.3,0.0,0.784,0.027,0.607,-2.58,0.37,7.79,-0.819,0.015,0.475,-0.73,0.59,-0.97,77.35,75.69,0,1
1785171181.0197825,LEFTARMUP,174.7,334.0,230.6,330.1,221.0,0.0,312.1,339.6,30.4,0.0,161.0,0.0,124.3,0.0,0.758,0.024,0.603,-3.6,-0.83,5.75,-0.832,0.016,0.486,-1.15,0.84,-0.92,77.51,75.52,0,1
1785171181.0326498,LEFTARMUP,174.7,334.0,230.6,330.0,221.0,0.0,312.1,339.6,30.4,0.0,161.0,0.0,124.3,0.0,0.769,0.0,0.62,-2.04,-2.85,4.15,-0.816,0.02,0.473,-1.45,0.89,-0.58,77.38,75.64,0,1
1785171181.050478,LEFTARMUP,174.7,334.0,230.7,330.1,221.0,0.0,312.1,339.6,30.4,0.0,161.0,0.0,124.3,0.0,0.792,-0.006,0.625,1.19,-3.0,1.33,-0.814,0.013,0.48,-2.08,1.48,-0.03,79.54,77.73,0,1
1785171181.0546072,LEFTARMUP,174.7,334.0,230.8,330.2,221.0,0.0,312.1,339.6,30.4,0.0,161.0,0.0,124.3,0.0,0.781,0.014,0.615,3.6,-3.82,0.44,-0.822,-0.009,0.475,-1.25,1.88,0.45,79.65,77.3,0,1
1785171181.067444,LEFTARMUP,174.7,333.9,230.9,330.2,221.0,0.0,312.1,339.6,30.4,0.0,161.0,0.0,124.3,0.0,0.788,0.031,0.605,4.4,-3.56,0.52,-0.827,-0.01,0.484,-0.37,2.3,-0.23,77.74,75.22,0,1
1785171181.075479,LEFTARMUP,174.7,333.9,231.0,330.2,221.0,0.0,312.0,339.6,30.4,0.0,161.0,0.0,124.3,0.0,0.781,0.034,0.599,4.44,-3.17,1.9,-0.829,-0.002,0.474,0.76,2.37,-0.83,72.8,70.92,0,1
1785171181.0849497,LEFTARMUP,174.7,333.9,231.2,330.2,221.1,0.0,312.0,339.6,30.4,0.0,161.0,0.0,124.3,0.0,0.792,0.026,0.593,4.87,-3.05,3.08,-0.827,0.007,0.471,1.35,2.37,-1.14,68.1,66.44,0,1
1785171181.0986867,LEFTARMUP,174.7,333.8,231.4,330.2,221.3,0.0,312.0,339.6,30.4,0.0,161.0,0.0,124.3,0.0,0.808,0.043,0.606,4.98,-2.11,3.79,-0.839,0.019,0.469,1.16,2.18,-1.08,63.33,61.33,0,1
1785171181.0986867,LEFTARMUP,174.7,333.8,231.6,330.2,221.4,0.0,312.0,339.6,30.4,0.0,161.0,0.0,124.3,0.0,0.815,0.06,0.599,4.26,-2.18,4.93,-0.835,0.028,0.467,0.37,1.91,-1.15,58.0,56.25,0,1
1785171181.113973,LEFTARMUP,174.7,333.8,231.8,330.2,221.5,0.0,312.0,339.6,30.4,0.0,161.0,0.0,124.3,0.0,0.823,0.078,0.6,2.68,-2.11,6.45,-0.834,0.03,0.479,-0.11,1.52,-0.92,54.0,53.18,0,1
1785171181.1264672,LEFTARMUP,174.7,333.8,231.9,330.2,221.5,0.0,312.0,339.6,30.4,0.0,161.0,0.0,124.3,0.0,0.8,0.063,0.588,1.22,-2.64,7.2,-0.833,0.03,0.473,-0.98,1.52,-0.79,50.5,49.39,0,1
1785171181.1345901,LEFTARMUP,174.7,333.7,231.9,330.2,221.6,0.0,312.0,339.6,30.4,0.0,161.0,0.0,124.3,0.0,0.783,0.045,0.583,-0.18,-3.04,7.62,-0.829,0.02,0.459,-1.52,0.97,-0.76,47.87,46.29,0,1
1785171181.145982,LEFTARMUP,174.7,333.6,232.0,330.2,221.1,0.0,312.0,339.6,30.4,0.0,161.0,0.0,124.4,0.0,0.776,0.026,0.583,-0.44,-2.92,8.05,-0.824,0.01,0.476,-1.36,1.5,-1.24,46.9,45.47,0,1
1785171181.156287,LEFTARMUP,174.7,333.6,232.0,330.2,221.0,0.0,312.0,339.6,30.4,0.0,161.0,0.0,124.4,0.0,0.729,0.026,0.584,-1.36,-3.57,7.15,-0.842,0.01,0.475,-1.14,1.67,-1.85,45.68,43.35,0,1
1785171181.1675055,LEFTARMUP,174.7,333.5,232.0,330.3,220.5,0.0,312.0,339.6,30.4,0.0,161.0,0.0,124.3,0.0,0.793,0.0,0.587,0.24,-5.2,8.04,-0.829,0.018,0.476,-1.76,1.47,-1.69,46.76,44.26,0,1
1785171181.1756592,LEFTARMUP,174.7,333.5,232.1,330.3,220.4,0.0,312.0,339.6,30.4,0.0,161.0,0.0,124.3,0.0,0.817,0.005,0.601,2.72,-4.29,4.82,-0.825,0.022,0.47,-1.92,2.0,-1.6,45.57,43.45,0,1
1785171181.185188,LEFTARMUP,174.7,333.5,232.2,330.3,220.4,0.0,312.0,339.6,30.4,0.0,161.0,0.0,124.2,0.0,0.809,0.029,0.595,3.3,-5.97,5.13,-0.827,0.005,0.469,-1.72,1.39,-1.33,45.68,43.59,0,1
1785171181.1967463,LEFTARMUP,174.7,333.4,232.3,330.1,220.5,0.0,312.0,339.6,30.4,0.0,161.0,0.0,124.2,0.0,0.817,0.033,0.585,2.84,-6.6,4.73,-0.844,0.008,0.469,-1.61,1.33,-1.69,52.51,50.69,0,1
1785171181.2057576,LEFTARMUP,174.7,333.4,232.3,330.2,220.8,0.0,312.0,339.6,30.4,0.0,161.0,0.0,124.2,0.0,0.822,0.042,0.587,2.05,-6.85,5.06,-0.841,0.002,0.467,-1.86,1.13,-1.66,64.38,62.27,0,1
1785171181.2142925,LEFTARMUP,174.7,333.3,232.4,330.2,221.1,0.0,312.0,339.6,30.4,0.0,161.0,0.0,124.1,0.0,0.813,0.039,0.596,1.16,-6.93,5.06,-0.838,0.011,0.474,-1.63,0.66,-1.53,77.54,76.2,0,1
1785171181.2261565,LEFTARMUP,174.7,333.2,232.5,330.3,221.5,0.0,312.1,339.6,30.4,0.0,161.0,0.0,124.0,0.0,0.818,0.039,0.573,0.19,-6.84,5.15,-0.825,0.014,0.468,-1.78,0.61,-1.09,89.65,88.65,0,1
1785171181.2307222,LEFTARMUP,174.7,333.1,232.6,330.3,221.8,0.0,312.2,339.6,30.4,0.0,161.0,0.0,124.0,0.0,0.806,0.032,0.577,-0.82,-5.93,4.91,-0.829,0.002,0.479,-1.69,1.0,-1.28,92.74,91.49,0,1
1785171181.2470226,LEFTARMUP,174.7,333.0,232.7,330.3,222.0,0.0,312.3,339.6,30.4,0.0,161.0,0.0,123.9,0.0,0.804,0.032,0.575,-1.2,-5.01,5.14,-0.822,0.002,0.468,-1.38,1.08,-1.25,128.55,127.62,0,1
1785171181.2563295,LEFTARMUP,174.7,332.8,232.8,330.4,222.3,0.0,312.4,339.6,30.4,0.0,161.0,0.0,123.9,0.0,0.737,0.033,0.568,-2.13,-3.85,5.17,-0.828,0.0,0.476,-0.93,1.29,-1.25,120.67,119.21,0,1
1785171181.2659533,LEFTARMUP,174.7,332.7,232.9,330.4,222.5,0.0,312.4,339.6,30.4,0.0,161.0,0.0,123.9,0.0,0.779,0.019,0.568,-1.27,-3.87,8.03,-0.823,0.007,0.478,-0.76,1.76,-1.09,113.5,111.66,0,1
1785171181.2760985,LEFTARMUP,174.7,332.6,232.9,330.4,222.6,0.0,312.4,339.6,30.4,0.0,161.0,0.0,123.9,0.0,0.809,0.007,0.576,2.42,-1.98,7.04,-0.823,0.005,0.484,-0.6,2.15,-0.95,112.62,110.99,0,1
1785171181.2847815,LEFTARMUP,174.7,332.5,233.0,330.4,222.6,0.0,312.3,339.6,30.5,0.0,161.0,0.0,123.8,0.0,0.794,0.025,0.573,4.76,-1.5,8.01,-0.824,-0.002,0.468,-0.42,2.27,-0.93,105.97,104.25,0,1
1785171181.2956865,LEFTARMUP,174.7,332.4,233.1,330.4,222.6,0.0,312.2,339.6,30.5,0.0,161.0,0.0,123.8,0.0,0.797,0.04,0.564,4.82,0.0,8.96,-0.83,-0.004,0.469,0.31,2.82,-1.35,105.48,103.68,0,1
1785171181.3053017,LEFTARMUP,174.7,332.3,233.3,330.4,222.8,0.0,312.2,339.6,30.5,0.0,161.0,0.0,123.7,0.0,0.8,0.04,0.562,3.95,0.37,9.64,-0.833,0.015,0.466,0.65,2.92,-1.67,104.61,103.01,0,1
1785171181.314663,LEFTARMUP,174.7,332.2,233.5,330.4,223.0,0.0,312.2,339.6,30.5,0.0,161.0,0.0,123.6,0.0,0.797,0.031,0.567,2.89,1.16,9.41,-0.833,0.007,0.471,0.71,2.95,-1.95,107.46,105.76,0,1
1785171181.3270178,LEFTARMUP,174.7,332.2,233.7,330.4,223.3,0.0,312.2,339.6,30.5,0.0,161.0,0.0,123.6,0.0,0.817,0.025,0.572,2.5,1.07,8.92,-0.835,0.015,0.455,0.41,3.01,-2.15,134.59,132.82,0,1
1785171181.3290977,LEFTARMUP,174.7,332.2,233.8,330.4,223.5,0.0,312.2,339.6,30.5,0.0,161.0,0.0,123.5,0.0,0.808,0.022,0.567,1.74,1.24,8.11,-0.822,0.014,0.464,0.32,3.15,-2.2,144.44,143.11,0,1
1785171181.3451917,LEFTARMUP,174.7,332.2,234.0,330.4,223.5,0.0,312.2,339.6,30.5,0.0,161.0,0.0,123.5,0.0,0.807,0.028,0.562,0.21,0.85,7.34,-0.834,0.02,0.479,-0.59,3.25,-2.05,139.08,137.84,0,1
1785171181.3451917,LEFTARMUP,174.7,332.1,234.1,330.4,223.4,0.0,312.2,339.6,30.5,0.0,161.0,0.0,123.4,0.0,0.809,0.015,0.571,0.16,-0.49,5.67,-0.833,0.015,0.468,-1.04,3.47,-1.97,140.56,139.13,0,1
1785171181.3628302,LEFTARMUP,174.7,332.1,234.3,330.4,222.9,0.0,312.2,339.6,30.5,0.0,161.0,0.0,123.4,0.0,0.81,0.009,0.578,0.35,-2.55,3.18,-0.831,0.01,0.479,-1.3,3.69,-1.82,209.42,208.1,0,1
1785171181.3763561,LEFTARMUP,174.7,332.0,234.4,330.4,220.6,0.0,312.2,339.6,30.5,0.0,161.0,0.0,123.3,0.0,0.779,0.013,0.543,0.02,-3.08,0.95,-0.843,0.021,0.459,-1.5,3.67,-1.98,228.07,227.07,0,1
1785171181.3795469,LEFTARMUP,174.7,331.9,234.4,330.4,220.5,0.0,312.2,339.6,30.6,0.0,161.0,0.0,123.2,0.0,0.769,0.004,0.558,-0.31,-3.69,2.31,-0.84,0.01,0.451,-1.61,3.39,-2.21,311.8,311.05,0,1
1785171181.3959193,LEFTARMUP,174.7,331.8,234.5,330.4,218.3,0.0,312.2,339.6,30.7,0.0,160.9,0.0,123.2,0.0,0.788,0.002,0.564,0.18,-2.65,2.76,-0.84,0.003,0.468,-1.89,3.14,-1.57,244.85,244.04,0,1
1785171181.4067402,LEFTARMUP,174.7,331.8,234.6,330.4,218.4,0.0,312.1,339.6,30.8,0.0,160.9,0.0,123.1,0.0,0.807,-0.001,0.558,0.65,-1.97,3.57,-0.833,0.003,0.467,-1.63,3.04,-1.32,194.39,193.53,0,1
1785171181.415626,LEFTARMUP,174.7,331.8,234.7,330.4,216.3,0.0,312.1,339.6,30.8,0.0,160.9,0.0,123.0,0.0,0.814,0.003,0.564,2.56,-1.76,2.75,-0.84,-0.002,0.459,-0.97,2.82,-1.43,156.79,155.65,0,1
1785171181.4224324,LEFTARMUP,174.7,331.8,234.7,330.4,214.1,0.0,312.1,339.6,30.9,0.0,160.9,0.0,123.0,0.0,0.814,0.01,0.56,4.17,-2.63,1.67,-0.842,-0.002,0.462,-0.29,2.5,-2.03,130.59,129.49,0,1
1785171181.4300244,LEFTARMUP,174.7,331.8,234.8,330.4,213.0,0.0,312.1,339.6,30.9,0.0,160.9,0.0,123.0,0.0,0.808,0.033,0.565,4.08,-3.86,1.11,-0.849,0.005,0.46,-0.07,1.98,-2.41,122.69,121.86,0,1
1785171181.4461267,LEFTARMUP,174.7,331.8,234.9,330.4,212.4,0.0,312.0,339.5,30.9,0.0,160.9,0.0,123.0,0.0,0.831,0.033,0.558,2.49,-4.14,1.98,-0.847,0.021,0.457,-0.15,1.5,-2.34,142.52,141.65,0,1
1785171181.4562805,LEFTARMUP,174.7,331.8,235.0,330.4,211.9,0.0,311.9,339.5,30.9,0.0,160.9,0.0,122.9,0.0,0.83,0.022,0.552,0.92,-3.08,2.09,-0.851,0.01,0.465,-0.88,0.92,-1.57,145.39,144.74,0,1
1785171181.4632964,LEFTARMUP,174.7,331.8,235.1,330.4,211.7,0.0,311.9,339.5,30.9,0.0,160.9,0.0,122.9,0.0,0.827,0.016,0.546,0.97,-2.18,2.14,-0.844,0.021,0.455,-1.35,0.45,-1.4,134.54,133.8,0,1
1785171181.4766722,LEFTARMUP,174.7,331.8,235.2,330.4,211.6,0.0,311.9,339.5,30.9,0.0,160.9,0.0,122.9,0.0,0.814,0.015,0.548,1.26,-1.95,2.33,-0.841,0.014,0.462,-1.74,0.0,-1.41,124.91,123.85,0,1
1785171181.4798887,LEFTARMUP,174.7,331.8,235.3,330.4,211.1,0.0,311.8,339.5,30.9,0.0,160.9,0.0,122.9,0.0,0.824,0.022,0.543,1.49,-1.8,2.81,-0.841,0.015,0.469,-1.93,-0.02,-1.35,124.43,123.64,0,1
1785171181.4979596,LEFTARMUP,174.7,331.8,235.3,330.4,210.6,0.0,311.8,339.5,30.9,0.0,160.9,0.0,122.9,0.0,0.837,0.028,0.547,1.75,-1.56,3.56,-0.843,0.008,0.457,-2.75,-0.75,-1.02,138.82,137.98,0,1
1785171181.5040011,LEFTARMUP,174.7,331.8,235.3,330.4,210.0,0.0,311.8,339.5,30.9,0.0,160.9,0.0,122.9,0.0,0.834,0.044,0.544,1.62,-0.95,4.31,-0.843,0.012,0.46,-2.89,-1.11,-0.52,140.37,139.73,0,1
1785171181.5161595,LEFTARMUP,174.7,331.8,235.3,330.4,209.6,0.0,311.8,339.5,30.9,0.0,160.9,0.0,122.9,0.0,0.835,0.037,0.551,1.2,0.12,5.17,-0.847,0.003,0.46,-2.35,-1.4,-0.52,124.03,123.05,0,1
1785171181.5263305,LEFTARMUP,174.7,331.7,235.3,330.4,209.1,0.0,311.8,339.5,30.9,0.0,161.0,0.0,122.9,0.0,0.825,0.033,0.542,0.05,1.24,6.88,-0.834,0.001,0.455,-2.39,-1.56,-0.63,128.27,127.29,0,1
1785171181.535576,LEFTARMUP,174.7,331.7,235.3,330.4,209.2,0.0,311.8,339.5,30.9,0.0,161.0,0.0,122.8,0.0,0.819,0.011,0.548,-0.72,2.35,7.63,-0.832,0.002,0.473,-1.65,-1.12,-0.66,138.2,137.22,0,1
1785171181.546178,LEFTARMUP,174.7,331.6,235.4,330.4,209.1,0.0,311.8,339.5,30.9,0.0,161.0,0.0,122.8,0.0,0.814,0.005,0.557,-0.69,3.07,6.6,-0.825,0.002,0.464,-1.58,-0.97,-0.46,162.9,161.91,0,1
1785171181.5566905,LEFTARMUP,174.7,331.6,235.4,330.4,209.1,0.0,311.8,339.8,30.9,0.0,161.0,0.0,122.8,0.0,0.811,0.01,0.556,-0.11,3.11,5.61,-0.833,0.0,0.461,-1.42,-0.73,-0.6,202.68,201.43,0,1
1785171181.5648952,LEFTARMUP,174.7,331.5,235.4,330.4,209.0,0.0,311.8,339.7,30.9,0.0,161.0,0.0,122.8,0.0,0.812,0.015,0.564,0.64,2.74,5.22,-0.833,0.014,0.465,-1.26,-0.63,-0.49,183.51,182.33,0,1
1785171181.5738814,LEFTARMUP,174.7,331.5,235.4,330.4,208.8,0.0,311.8,339.7,30.9,0.0,161.0,0.0,122.8,0.0,0.798,0.02,0.554,1.06,2.6,4.92,-0.83,0.013,0.467,-1.24,-0.56,-0.47,203.13,202.49,0,1
1785171181.5856185,LEFTARMUP,174.7,331.5,235.4,330.4,208.6,0.0,311.8,339.7,30.9,0.0,161.0,0.0,122.8,0.0,0.805,0.026,0.549,1.73,2.44,4.53,-0.831,0.01,0.465,-1.21,-0.3,-0.27,226.85,226.62,0,1
1785171181.5958226,LEFTARMUP,174.5,331.5,235.4,330.4,209.2,0.0,311.8,339.7,30.9,0.0,161.0,0.0,122.9,0.0,0.812,0.014,0.564,2.7,2.4,4.06,-0.835,0.009,0.467,-1.11,-0.04,-0.32,250.14,250.22,0,1
1785171181.605618,LEFTARMUP,174.6,331.5,235.4,330.4,209.6,0.0,311.8,339.7,30.9,0.0,161.0,0.0,122.9,0.0,0.814,0.017,0.573,2.34,2.71,3.45,-0.833,0.005,0.451,-0.62,0.31,-0.64,269.85,268.91,0,1
1785171181.612507,LEFTARMUP,174.6,331.4,235.4,330.4,210.2,0.0,311.8,339.7,30.9,0.0,160.9,0.0,122.9,0.0,0.806,0.007,0.577,2.05,2.6,3.15,-0.835,0.019,0.463,-0.73,0.47,-0.7,314.89,313.93,0,1
1785171181.6213708,LEFTARMUP,174.6,331.4,235.4,330.4,210.5,0.0,311.8,339.6,30.9,0.0,160.9,0.0,122.9,0.0,0.812,0.003,0.582,1.82,2.57,2.36,-0.835,0.005,0.462,-0.58,0.66,-0.93,290.67,289.7,0,1
1785171181.629899,LEFTARMUP,174.6,331.4,235.4,330.4,210.3,0.0,311.8,339.6,30.9,0.0,160.9,0.0,122.9,0.0,0.802,0.004,0.583,1.4,2.83,2.07,-0.832,0.017,0.465,-0.86,1.05,-0.88,261.0,259.53,0,1
1785171181.6461453,LEFTARMUP,174.6,331.4,235.4,330.4,210.5,0.0,311.8,339.6,30.9,0.0,161.1,0.0,122.9,0.0,0.789,0.006,0.589,0.24,3.06,2.45,-0.832,0.011,0.465,-1.33,1.18,-0.59,248.0,246.64,0,1
1785171181.6461453,LEFTARMUP,174.6,331.4,235.4,330.4,210.6,0.0,311.8,339.6,30.9,0.0,161.1,0.0,122.9,0.0,0.795,-0.005,0.592,0.87,3.27,3.03,-0.836,0.005,0.467,-1.24,1.46,-0.84,230.0,228.73,0,1
1785171181.6631043,LEFTARMUP,174.6,331.4,235.4,330.4,210.8,0.0,311.8,339.6,31.0,0.0,161.1,0.0,122.9,0.0,0.803,0.01,0.595,1.1,3.76,3.54,-0.829,-0.005,0.466,-0.63,1.87,-1.18,214.0,213.05,0,1
1785171181.6631043,LEFTARMUP,174.6,331.4,235.4,330.4,210.8,0.0,311.8,339.6,31.0,0.0,161.1,0.0,122.9,0.0,0.802,0.01,0.579,0.98,3.35,4.11,-0.833,-0.002,0.462,0.15,2.02,-1.51,202.0,201.29,0,1
1785171181.6794956,LEFTARMUP,174.6,331.4,235.4,330.4,211.2,0.0,311.8,339.6,31.0,0.0,161.0,0.0,122.9,0.0,0.805,0.0,0.572,0.98,1.9,2.92,-0.837,0.009,0.464,0.69,1.85,-2.0,191.5,191.97,0,1
1785171181.69604,LEFTARMUP,174.6,331.4,235.4,330.4,211.7,0.0,311.8,339.6,31.0,0.0,161.0,0.0,122.8,0.0,0.814,-0.007,0.573,0.55,0.57,1.8,-0.842,0.015,0.465,0.61,1.76,-2.31,184.12,184.22,0,1
1785171181.69604,LEFTARMUP,174.6,331.4,235.4,330.4,212.0,0.0,311.8,339.6,31.0,0.0,161.0,0.0,122.8,0.0,0.817,-0.018,0.59,1.34,-0.72,0.73,-0.846,0.023,0.463,0.07,1.51,-2.4,176.09,175.42,0,1
1785171181.7129126,LEFTARMUP,174.6,331.4,235.4,330.4,212.4,0.0,311.8,339.6,31.0,0.0,161.0,0.0,122.8,0.0,0.831,-0.019,0.579,2.24,-1.34,-0.08,-0.839,0.019,0.457,-0.85,1.76,-2.56,169.32,168.81,0,1
1785171181.7249153,LEFTARMUP,174.6,331.4,235.4,330.4,212.6,0.0,311.9,339.6,31.0,0.0,161.0,0.0,122.7,0.0,0.843,0.001,0.58,3.51,-2.12,0.21,-0.846,0.017,0.462,-1.52,1.35,-2.28,170.24,169.86,0,1
1785171181.7300463,LEFTARMUP,174.6,331.4,235.4,330.4,212.8,0.0,311.9,339.5,31.0,0.0,161.0,0.0,122.7,0.0,0.837,0.012,0.557,3.94,-1.85,1.04,-0.844,0.014,0.461,-2.45,0.97,-1.69,181.18,180.9,0,1
1785171181.7461338,LEFTARMUP,174.6,331.4,235.5,330.4,213.2,0.0,311.9,339.5,31.0,0.0,161.0,0.0,122.6,0.0,0.833,0.029,0.55,3.95,-1.22,2.17,-0.848,0.009,0.461,-3.03,0.51,-1.28,184.39,184.17,0,1
1785171181.7569962,LEFTARMUP,174.6,331.4,235.5,330.4,213.4,0.0,311.9,339.5,31.0,0.0,161.0,0.0,122.6,0.0,0.824,0.028,0.537,2.73,-0.76,3.38,-0.85,0.009,0.459,-2.69,-0.13,-1.14,183.79,183.63,0,1
1785171181.7640169,LEFTARMUP,174.6,331.4,235.5,330.4,213.6,0.0,311.9,339.5,31.1,0.0,161.0,0.0,122.6,0.0,0.81,0.007,0.539,2.21,-0.29,4.33,-0.841,0.001,0.463,-2.56,-0.66,-1.24,187.34,187.22,0,1
1785171181.7729945,LEFTARMUP,174.6,331.4,235.6,330.4,213.8,0.0,311.9,339.5,31.1,0.0,161.0,0.0,122.6,0.0,0.827,0.008,0.559,2.6,-0.36,3.22,-0.843,0.002,0.464,-2.02,-0.72,-1.27,194.26,193.92,0,1
1785171181.7801387,LEFTARMUP,174.6,331.4,235.6,330.4,213.9,0.0,311.9,339.5,31.1,0.0,161.0,0.0,122.6,0.0,0.826,0.005,0.569,3.58,-1.34,2.6,-0.838,0.003,0.462,-1.84,-1.01,-0.98,182.69,182.19,0,1
1785171181.7958283,LEFTARMUP,174.6,331.4,235.6,330.4,213.7,0.0,311.9,339.5,31.1,0.0,161.0,0.0,122.6,0.0,0.834,0.002,0.569,4.59,-1.86,1.51,-0.833,0.005,0.468,-1.47,-0.66,-0.88,177.52,176.64,0,1
1785171181.8068056,LEFTARMUP,174.6,331.4,235.6,330.4,213.0,0.0,311.9,339.5,31.1,0.0,161.0,0.0,122.5,0.0,0.841,0.012,0.556,6.9,-1.47,1.59,-0.842,0.003,0.46,-1.66,-0.41,-0.3,176.14,174.73,0,1
1785171181.812804,LEFTARMUP,174.5,331.4,235.7,330.4,212.9,0.0,311.9,339.5,31.1,0.0,161.0,0.0,122.5,0.0,0.836,0.045,0.551,5.85,-0.56,3.16,-0.841,0.007,0.463,-1.27,-0.63,-0.32,171.35,170.05,0,1
1785171181.8264992,LEFTARMUP,174.5,331.4,235.8,330.4,213.2,0.0,311.9,339.5,31.1,0.0,161.0,0.0,122.5,0.0,0.823,0.039,0.538,4.82,0.67,5.11,-0.832,0.004,0.469,-1.11,-0.4,-0.52,171.02,169.79,0,1
1785171181.8347304,LEFTARMUP,174.6,331.4,235.9,330.4,213.0,0.0,311.9,339.5,31.1,0.0,161.0,0.0,122.5,0.0,0.815,0.048,0.545,2.09,2.42,5.02,-0.833,0.001,0.46,-1.02,-0.21,-0.25,172.26,168.59,0,1
1785171181.8455215,LEFTARMUP,174.6,331.4,236.0,330.4,212.7,0.0,311.9,339.5,31.1,0.0,161.0,0.0,122.5,0.0,0.818,0.034,0.56,-0.26,2.46,5.6,-0.826,0.004,0.47,-1.01,0.45,-0.15,171.2,168.19,0,1
1785171181.8545678,LEFTARMUP,174.6,331.3,236.0,330.4,212.8,0.0,311.9,339.5,31.1,0.0,161.0,0.0,122.5,0.0,0.803,0.006,0.556,-0.65,2.15,4.17,-0.839,-0.002,0.469,-0.46,1.05,-0.43,170.4,168.39,0,1
1785171181.8654838,LEFTARMUP,174.7,331.3,236.0,330.4,212.7,0.0,311.8,339.5,31.2,0.0,161.0,0.0,122.5,0.0,0.809,0.005,0.562,0.33,2.03,2.6,-0.835,0.002,0.458,-0.09,1.44,-0.78,173.8,172.05,0,1
1785171181.8749435,LEFTARMUP,174.7,331.3,236.0,330.4,212.5,0.0,311.8,339.5,31.2,0.0,161.0,0.0,122.5,0.0,0.806,0.015,0.573,0.67,1.76,2.11,-0.831,0.008,0.465,0.29,1.92,-1.03,184.6,182.78,0,1
1785171181.8845975,LEFTARMUP,174.7,331.3,236.0,330.4,212.8,0.0,312.1,339.5,31.2,0.0,161.0,0.0,122.5,0.0,0.819,0.021,0.565,0.6,1.7,2.87,-0.829,0.014,0.461,-0.09,1.86,-1.11,247.95,247.09,0,1
1785171181.8906426,LEFTARMUP,174.7,331.3,236.0,330.4,212.5,0.0,312.0,339.5,31.2,0.0,161.0,0.0,122.5,0.0,0.807,0.012,0.568,1.08,2.43,3.32,-0.839,0.018,0.468,-0.78,2.2,-0.92,196.21,195.32,0,1
1785171181.9035096,LEFTARMUP,174.7,331.3,236.0,330.4,213.0,0.0,312.0,339.5,31.2,0.0,161.0,0.0,122.5,0.0,0.813,0.02,0.556,1.58,3.37,3.92,-0.832,0.014,0.461,-1.02,2.31,-0.76,157.41,156.74,0,1
1785171181.9129605,LEFTARMUP,174.7,331.3,236.1,330.4,213.6,0.0,311.9,339.5,31.2,0.0,161.0,0.0,122.5,0.0,0.806,0.019,0.552,1.84,3.98,5.19,-0.841,0.002,0.461,-0.95,2.59,-0.92,129.06,128.05,0,1
1785171181.9183888,LEFTARMUP,174.8,331.3,236.1,330.4,214.1,0.0,311.9,339.5,31.2,0.0,161.0,0.0,122.5,0.0,0.802,0.006,0.561,1.82,4.18,5.91,-0.841,0.003,0.464,-0.37,2.48,-1.31,107.79,106.79,0,1
1785171181.9345179,LEFTARMUP,174.8,331.3,236.1,330.4,214.6,0.0,311.9,339.5,31.2,0.0,161.0,0.0,122.5,0.0,0.795,0.0,0.557,2.09,3.29,6.07,-0.843,0.011,0.456,-0.12,3.02,-1.44,91.84,90.59,0,1
1785171181.944574,LEFTARMUP,174.8,331.3,236.4,330.4,215.3,0.0,311.9,339.5,31.2,0.0,161.0,0.0,122.5,0.0,0.816,-0.004,0.576,2.08,3.38,5.63,-0.84,0.008,0.464,0.08,2.81,-1.75,79.88,78.69,0,1
1785171181.95564,LEFTARMUP,174.8,331.3,236.4,330.4,215.8,0.0,311.9,339.5,31.2,0.0,161.0,0.0,122.5,0.0,0.817,-0.001,0.584,1.8,2.82,6.15,-0.849,0.011,0.459,-0.21,2.56,-2.03,70.91,69.52,0,1
1785171181.9644153,LEFTARMUP,174.8,331.2,236.3,330.4,216.3,0.0,311.9,339.5,31.2,0.0,161.0,0.0,122.4,0.0,0.817,-0.008,0.587,1.52,2.61,6.05,-0.847,0.009,0.459,-0.15,2.34,-2.18,63.68,62.39,0,1
1785171181.975757,LEFTARMUP,174.8,331.2,236.3,330.4,216.6,0.0,311.9,339.5,31.2,0.0,161.0,0.0,122.4,0.0,0.825,-0.012,0.591,1.37,2.14,6.02,-0.846,0.014,0.455,-0.68,1.85,-2.21,58.51,56.79,0,1
1785171181.985333,LEFTARMUP,174.8,331.2,236.3,330.4,217.4,0.0,311.9,339.5,31.2,0.0,161.0,0.0,122.3,0.0,0.805,-0.0,0.587,2.33,1.56,3.71,-0.851,0.016,0.457,-1.13,1.74,-2.21,54.88,52.34,0,1
1785171181.9954822,LEFTARMUP,174.8,331.2,236.3,330.4,219.2,0.0,311.9,339.5,31.2,0.0,161.0,0.0,122.3,0.0,0.844,-0.028,0.578,2.86,-0.79,5.25,-0.86,0.013,0.446,-1.86,0.89,-1.85,52.16,50.01,0,1
1785171182.00495,LEFTARMUP,174.8,331.2,236.3,330.4,220.7,0.0,311.9,339.5,31.2,0.0,161.0,0.0,122.3,0.0,0.836,-0.024,0.556,5.11,-0.56,4.1,-0.854,0.008,0.45,-2.56,0.05,-1.76,51.12,49.01,0,1
1785171182.0171242,LEFTARMUP,174.8,331.2,236.3,330.4,221.7,0.0,311.9,339.5,31.2,0.0,161.0,0.0,122.2,0.0,0.816,-0.001,0.551,5.83,-0.85,3.68,-0.843,0.004,0.452,-2.65,-0.34,-0.98,49.34,47.75,0,1
1785171182.0249834,LEFTARMUP,174.8,331.2,236.3,330.4,222.6,0.0,311.9,339.5,31.2,0.0,161.0,0.0,122.2,0.0,0.816,0.01,0.552,4.38,-0.35,4.18,-0.847,0.001,0.453,-2.27,-0.61,-1.04,48.51,46.57,0,1
1785171182.0314856,LEFTARMUP,174.8,331.2,236.3,330.4,223.3,0.0,311.9,339.5,31.2,0.0,161.0,0.0,122.2,0.0,0.835,0.015,0.561,3.08,0.8,5.28,-0.845,0.006,0.458,-1.89,-0.77,-1.5,47.13,45.42,0,1
1785171182.0473495,LEFTARMUP,174.8,331.2,236.3,330.4,223.8,0.0,311.9,339.5,31.2,0.0,161.0,0.0,122.2,0.0,0.826,0.008,0.576,2.21,0.8,5.64,-0.836,0.001,0.451,-1.4,-0.85,-1.63,46.6,45.07,0,1
1785171182.0473495,LEFTARMUP,174.8,331.2,236.3,330.4,224.2,0.0,311.9,339.5,31.2,0.0,161.0,0.0,122.2,0.0,0.838,0.006,0.569,0.99,1.02,3.89,-0.84,0.001,0.457,-1.64,-0.86,-1.34,46.95,45.3,0,1
1785171182.0636244,LEFTARMUP,174.8,331.2,236.3,330.4,223.7,0.0,311.9,339.5,31.2,0.0,160.8,0.0,122.2,0.0,0.81,-0.009,0.575,1.4,-0.56,5.25,-0.83,0.006,0.445,-1.5,-1.12,-1.15,47.21,45.73,0,1
1785171182.0745313,LEFTARMUP,174.8,331.2,236.3,330.5,217.2,0.0,311.9,339.5,31.2,0.0,160.9,0.0,122.2,0.0,0.809,-0.019,0.586,2.7,-1.23,4.24,-0.828,0.005,0.463,-1.48,-0.98,-1.15,47.66,46.04,0,1
1785171182.0785775,LEFTARMUP,174.8,331.2,236.2,330.5,214.0,0.0,311.9,339.5,31.2,0.0,160.9,0.0,122.2,0.0,0.813,-0.01,0.566,3.17,-1.74,4.07,-0.828,-0.003,0.459,-1.34,0.09,-1.05,48.99,47.53,0,1
1785171182.0971448,LEFTARMUP,174.8,331.2,236.3,330.4,216.1,0.0,311.9,339.5,31.2,0.0,160.9,0.0,122.2,0.0,0.827,-0.012,0.561,3.69,-1.1,3.72,-0.834,-0.003,0.46,-0.5,0.21,-1.17,50.5,46.15,0,1
1785171182.1051893,LEFTARMUP,174.7,331.2,236.4,330.4,218.0,0.0,311.8,339.5,31.2,0.0,160.9,0.0,122.2,0.0,0.828,-0.0,0.564,3.3,-0.99,3.95,-0.844,0.001,0.467,-0.29,0.24,-1.47,51.37,47.61,0,1
1785171182.1123154,LEFTARMUP,174.7,331.2,236.5,330.4,219.2,0.0,311.8,339.5,31.2,0.0,160.9,0.0,122.2,0.0,0.833,0.002,0.541,3.09,0.68,3.72,-0.833,0.013,0.46,-0.69,0.33,-1.47,52.53,49.21,0,1
1785171182.124083,LEFTARMUP,174.7,331.2,236.6,330.4,219.5,0.0,311.8,339.5,31.2,0.0,160.9,0.0,122.2,0.0,0.829,0.01,0.547,3.27,2.51,4.64,-0.834,0.014,0.455,-1.27,0.47,-1.27,54.9,51.66,0,1
1785171182.1347306,LEFTARMUP,174.7,331.2,236.8,330.4,213.6,0.0,311.8,339.5,31.2,0.0,160.9,0.0,122.2,0.0,0.824,0.002,0.547,4.86,5.34,6.47,-0.828,0.008,0.454,-1.95,0.91,-0.94,57.92,55.24,0,1
1785171182.145117,LEFTARMUP,174.7,331.2,237.0,330.4,209.7,0.0,311.7,339.5,31.2,0.0,160.9,0.0,122.2,0.0,0.816,0.018,0.55,4.61,6.84,7.71,-0.839,0.0,0.457,-1.99,1.15,-0.69,58.94,57.18,0,1
1785171182.1543863,LEFTARMUP,174.7,331.2,237.2,330.4,207.3,0.0,311.7,339.5,31.2,0.0,160.9,0.0,122.2,0.0,0.8,0.023,0.545,3.29,6.4,8.55,-0.838,-0.009,0.464,-1.64,1.18,-0.5,59.71,58.39,0,1
1785171182.1665227,LEFTARMUP,174.9,331.2,237.4,330.4,204.6,0.0,311.7,339.5,31.2,0.0,160.9,0.0,122.2,0.0,0.801,-0.002,0.541,3.73,6.54,7.85,-0.834,-0.009,0.46,-1.29,1.53,-0.85,60.28,59.04,0,1
1785171182.1745832,LEFTARMUP,174.8,331.2,237.4,330.4,201.9,0.0,311.7,339.5,31.2,0.0,160.9,0.0,122.2,0.0,0.8,0.008,0.552,3.07,6.44,7.1,-0.829,-0.007,0.453,-0.4,1.79,-0.92,60.71,59.03,0,1
1785171182.178969,LEFTARMUP,174.8,331.2,237.6,330.4,200.1,0.0,311.7,339.5,31.2,0.0,160.9,0.0,122.2,0.0,0.796,-0.001,0.546,1.05,6.54,6.22,-0.837,0.002,0.464,0.68,2.04,-1.02,61.03,59.02,0,1
1785171182.195647,LEFTARMUP,174.8,331.2,237.7,330.4,198.1,0.0,311.7,339.5,31.2,0.0,160.9,0.0,122.2,0.0,0.815,-0.032,0.551,0.08,6.32,4.81,-0.834,-0.001,0.46,0.82,2.5,-1.46,60.77,58.77,0,1
1785171182.195647,LEFTARMUP,174.7,331.2,237.9,330.4,196.4,0.0,311.7,339.5,31.3,0.0,160.9,0.0,122.1,0.0,0.83,-0.016,0.548,0.49,5.56,2.63,-0.841,0.007,0.46,1.05,2.87,-1.79,60.58,58.83,0,1
1785171182.213185,LEFTARMUP,174.7,331.2,238.0,330.4,195.5,0.0,311.7,339.5,31.3,0.0,160.9,0.0,122.0,0.0,0.833,-0.016,0.565,1.47,4.66,1.92,-0.854,0.015,0.454,0.98,2.48,-2.18,60.44,58.87,0,1
1785171182.213185,LEFTARMUP,174.7,331.2,238.1,330.4,194.3,0.0,311.7,339.5,31.3,0.0,160.9,0.0,122.0,0.0,0.837,0.001,0.565,1.92,4.35,2.41,-0.87,0.024,0.45,0.16,1.87,-2.1,60.33,58.9,0,1
1785171182.2295852,LEFTARMUP,174.6,331.2,238.2,330.4,193.7,0.0,311.7,339.5,31.3,0.0,160.9,0.0,122.0,0.0,0.828,-0.008,0.564,2.18,4.44,3.63,-0.861,0.022,0.443,-1.44,0.76,-1.27,60.74,58.93,0,1
1785171182.2460892,LEFTARMUP,174.5,331.2,238.3,330.4,193.4,0.0,311.7,339.5,31.3,0.0,160.9,0.0,122.0,0.0,0.824,-0.009,0.559,3.22,4.27,4.29,-0.86,0.024,0.449,-2.63,-0.43,-0.8,60.56,59.19,0,1
1785171182.2460892,LEFTARMUP,174.5,331.2,238.3,330.4,193.4,0.0,311.7,339.5,31.3,0.0,160.9,0.0,122.0,0.0,0.821,-0.009,0.558,4.45,3.52,5.37,-0.86,0.011,0.447,-3.52,-1.35,-0.33,61.67,60.15,0,1
1785171182.263352,LEFTARMUP,174.5,331.2,238.4,330.4,192.6,0.0,311.7,339.5,31.3,0.0,160.9,0.0,122.0,0.0,0.812,-0.001,0.565,4.18,2.75,4.29,-0.851,0.009,0.45,-3.4,-2.15,-0.34,63.25,61.86,0,1
1785171182.2745318,LEFTARMUP,174.5,331.2,238.5,330.4,191.8,0.0,311.7,339.5,31.3,0.0,160.9,0.0,122.0,0.0,0.818,-0.009,0.567,4.63,1.22,3.85,-0.841,-0.008,0.455,-3.01,-2.06,-0.37,64.44,62.39,0,1
1785171182.2800386,LEFTARMUP,174.5,331.2,238.6,330.4,191.6,0.0,311.7,339.5,31.3,0.0,160.9,0.0,122.0,0.0,0.823,-0.011,0.566,5.3,0.6,2.57,-0.836,-0.015,0.464,-2.32,-1.89,-0.71,64.83,63.3,0,1
1785171182.2958436,LEFTARMUP,174.5,331.2,238.6,330.4,191.7,0.0,311.7,339.5,31.3,0.0,160.9,0.0,121.9,0.0,0.815,-0.003,0.57,5.82,-0.41,2.43,-0.842,-0.005,0.458,-1.51,-2.09,-0.95,66.12,64.22,0,1
1785171182.30587,LEFTARMUP,174.5,331.3,238.6,330.4,191.7,0.0,311.7,339.8,31.3,0.0,160.9,0.0,121.9,0.0,0.809,-0.005,0.573,6.93,-0.62,2.33,-0.839,0.002,0.447,-1.34,-1.95,-1.11,67.59,65.92,0,1
1785171182.3138542,LEFTARMUP,174.5,331.3,238.6,330.4,192.1,0.0,311.7,339.7,31.3,0.0,160.9,0.0,121.9,0.0,0.815,0.003,0.56,8.45,-1.19,2.46,-0.839,0.014,0.456,-1.07,-2.15,-1.19,70.69,68.69,0,1
1785171182.3218138,LEFTARMUP,174.5,331.3,238.6,330.4,192.6,0.0,311.7,339.7,31.3,0.0,160.9,0.0,121.9,0.0,0.823,0.015,0.565,8.82,-1.6,2.92,-0.834,0.014,0.46,-1.83,-2.18,-0.98,73.02,71.02,0,1
1785171182.3302133,LEFTARMUP,174.5,331.3,238.6,330.4,192.8,0.0,311.7,339.7,31.3,0.0,161.0,0.0,121.9,0.0,0.813,0.033,0.561,7.95,-1.48,4.05,-0.834,0.012,0.457,-2.28,-2.28,-0.72,76.77,74.76,0,1
1785171182.34733,LEFTARMUP,174.5,331.3,238.6,330.4,193.1,0.0,311.7,339.7,31.3,0.0,161.0,0.0,121.9,0.0,0.833,0.033,0.581,5.27,-0.9,4.89,-0.837,0.006,0.459,-2.36,-1.89,-0.59,83.82,82.07,0,1
1785171182.3482513,LEFTARMUP,174.5,331.3,238.6,330.4,193.5,0.0,311.7,339.5,31.3,0.0,161.0,0.0,121.9,0.0,0.821,0.0,0.594,4.33,-1.52,5.01,-0.831,-0.001,0.459,-2.23,-1.34,-0.69,86.37,85.05,0,1
1785171182.3619847,LEFTARMUP,174.5,331.3,238.6,330.4,193.7,0.0,311.7,339.5,31.4,0.0,161.0,0.0,121.9,0.0,0.824,-0.013,0.594,3.95,-2.36,3.55,-0.83,-0.003,0.456,-1.98,-0.63,-1.0,89.28,88.04,0,1
1785171182.3693724,LEFTARMUP,174.5,331.3,238.6,330.4,193.8,0.0,311.7,339.5,31.4,0.0,161.0,0.0,121.9,0.0,0.823,-0.015,0.599,4.24,-3.04,1.81,-0.83,-0.009,0.469,-1.5,-0.13,-1.25,92.21,91.03,0,1
1785171182.3855681,LEFTARMUP,174.5,331.3,238.6,330.4,193.9,0.0,311.7,339.5,31.4,0.0,161.0,0.0,121.9,0.0,0.818,-0.004,0.581,4.84,-3.1,0.49,-0.835,0.001,0.449,-1.36,0.26,-1.4,91.66,90.02,0,1
1785171182.3970473,LEFTARMUP,174.5,331.3,238.6,330.4,193.2,0.0,311.7,339.5,31.4,0.0,161.0,0.0,121.9,0.0,0.824,-0.0,0.58,4.97,-3.69,0.31,-0.826,0.01,0.467,-1.21,0.93,-1.26,92.24,91.02,0,1
1785171182.3979366,LEFTARMUP,174.5,331.3,238.7,330.4,193.6,0.0,311.7,339.5,31.4,0.0,161.0,0.0,121.9,0.0,0.823,0.002,0.567,5.08,-3.46,-0.29,-0.827,0.007,0.461,-1.29,1.45,-1.26,91.43,90.01,0,1
1785171182.4119742,LEFTARMUP,174.5,331.3,238.8,330.4,193.9,0.0,311.7,339.5,31.4,0.0,161.0,0.0,121.9,0.0,0.811,0.001,0.536,4.35,-2.69,-0.86,-0.835,0.005,0.463,-1.17,2.03,-0.78,90.07,88.51,0,1
1785171182.4119742,LEFTARMUP,174.5,331.3,238.9,330.4,194.7,0.0,311.7,339.5,31.4,0.0,161.0,0.0,121.9,0.0,0.81,-0.005,0.534,4.78,-1.32,-1.54,-0.827,-0.012,0.464,-0.93,2.63,-0.98,88.55,86.63,0,1
1785171182.4292657,LEFTARMUP,174.5,331.3,239.0,330.4,195.8,0.0,311.7,339.5,31.4,0.0,161.0,0.0,121.9,0.0,0.823,0.005,0.531,2.9,0.3,-2.44,-0.836,-0.002,0.457,-0.57,2.89,-0.75,92.92,90.72,0,1
1785171182.4456422,LEFTARMUP,174.5,331.3,239.1,330.4,194.8,0.0,311.7,339.5,31.4,0.0,161.0,0.0,121.9,0.0,0.84,-0.001,0.536,1.53,1.22,-2.46,-0.844,-0.006,0.459,0.27,3.21,-0.76,96.69,94.29,0,1
1785171182.4456422,LEFTARMUP,174.5,331.3,239.2,330.4,194.6,0.0,311.7,339.5,31.4,0.0,161.0,0.0,121.9,0.0,0.828,-0.003,0.544,1.88,1.59,-3.24,-0.845,-0.001,0.454,0.71,3.08,-0.59,96.52,94.22,0,1
1785171182.462848,LEFTARMUP,174.5,331.3,239.2,330.4,194.1,0.0,311.7,339.5,31.4,0.0,161.0,0.0,121.9,0.0,0.827,-0.001,0.539,2.73,1.42,-2.92,-0.839,0.007,0.456,0.29,2.89,-0.43,94.39,92.91,0,1
1785171182.4746182,LEFTARMUP,174.5,331.5,239.3,330.4,194.1,0.0,311.7,339.5,31.4,0.0,161.0,0.0,121.9,0.0,0.829,0.015,0.532,2.0,2.47,-2.66,-0.852,0.012,0.451,0.47,2.22,-0.08,92.29,91.19,0,1
1785171182.4795043,LEFTARMUP,174.5,331.4,239.4,330.2,194.0,0.0,311.7,339.5,31.4,0.0,161.0,0.0,121.9,0.0,0.823,0.012,0.542,1.73,2.85,-1.97,-0.847,0.003,0.458,0.05,2.02,-0.08,89.72,90.39,0,1
1785171182.4956377,LEFTARMUP,174.5,331.4,239.5,330.3,194.0,0.0,311.7,339.5,31.4,0.0,161.0,0.0,121.8,0.0,0.833,0.032,0.528,1.4,3.97,-0.85,-0.847,0.004,0.449,0.08,1.58,-0.15,86.79,86.79,0,1
1785171182.4977217,LEFTARMUP,174.5,331.4,239.6,330.3,193.7,0.0,311.7,339.5,31.4,0.0,161.0,0.0,121.8,0.0,0.828,0.031,0.538,0.21,5.14,0.55,-0.852,0.009,0.458,0.23,1.43,-0.44,85.09,84.09,0,1
1785171182.5152044,LEFTARMUP,174.5,331.4,239.9,330.4,194.0,0.0,311.7,339.5,31.4,0.0,161.0,0.0,121.8,0.0,0.804,0.005,0.544,-0.08,5.56,1.9,-0.846,0.009,0.446,0.25,0.89,-0.62,81.82,83.07,0,1
1785171182.5229821,LEFTARMUP,174.5,331.4,239.9,330.4,193.7,0.0,311.7,339.5,31.4,0.0,161.0,0.0,121.8,0.0,0.802,-0.013,0.539,2.01,5.27,2.07,-0.843,0.013,0.449,-0.22,0.66,-0.66,78.36,78.8,0,1
1785171182.5295153,LEFTARMUP,174.5,331.4,239.9,330.4,193.6,0.0,311.7,339.5,31.4,0.0,161.0,0.0,121.8,0.0,0.802,0.001,0.558,3.01,4.82,2.47,-0.857,0.022,0.45,-0.71,0.28,-0.81,75.77,75.35,0,1
1785171182.5457163,LEFTARMUP,174.5,331.4,239.9,330.4,193.7,0.0,311.7,339.5,31.4,0.0,161.0,0.0,121.8,0.0,0.812,-0.005,0.557,3.99,4.6,3.08,-0.851,0.015,0.445,-1.54,-0.31,-0.76,73.83,73.26,0,1
1785171182.5547533,LEFTARMUP,174.6,331.4,239.9,330.4,193.6,0.0,311.7,339.5,31.4,0.0,161.0,0.0,121.8,0.0,0.828,0.002,0.564,5.1,4.99,2.55,-0.849,0.017,0.451,-2.18,-1.18,-0.89,72.12,71.45,0,1
1785171182.565138,LEFTARMUP,174.5,331.4,239.9,330.4,193.9,0.0,311.7,339.5,31.4,0.0,161.3,0.0,121.8,0.0,0.824,0.003,0.569,5.44,4.52,2.24,-0.847,0.014,0.446,-2.72,-1.39,-0.96,71.09,70.34,0,1
1785171182.565138,LEFTARMUP,174.5,331.4,240.1,330.4,194.0,0.0,311.7,339.5,31.4,0.0,161.2,0.0,121.8,0.0,0.814,0.002,0.582,5.69,3.16,2.27,-0.85,0.008,0.452,-3.17,-1.69,-0.93,68.82,67.75,0,1
1785171182.5817006,LEFTARMUP,174.5,331.4,240.0,330.4,194.2,0.0,311.7,339.5,31.4,0.0,161.1,0.0,121.8,0.0,0.811,-0.026,0.577,5.08,1.8,1.61,-0.839,0.01,0.452,-3.2,-1.84,-0.88,65.86,64.56,0,1
1785171182.5952177,LEFTARMUP,174.5,331.4,239.9,330.4,194.4,0.0,311.7,339.5,31.4,0.0,161.1,0.0,121.8,0.0,0.802,-0.017,0.584,5.6,0.66,1.08,-0.836,0.008,0.454,-3.12,-1.56,-0.98,63.15,61.17,0,1
1785171182.5952177,LEFTARMUP,174.5,331.4,240.1,330.4,194.5,0.0,311.7,339.5,31.4,0.0,161.1,0.0,121.8,0.0,0.804,-0.028,0.581,5.91,0.4,-0.23,-0.839,0.004,0.461,-3.24,-1.47,-0.58,61.86,59.13,0,1
1785171182.612426,LEFTARMUP,174.5,331.4,240.0,330.4,194.7,0.0,311.7,339.5,31.4,0.0,161.1,0.0,121.8,0.0,0.809,-0.006,0.56,7.51,1.4,-2.22,-0.837,-0.007,0.455,-2.7,-1.63,-0.63,61.9,59.35,0,1
1785171182.6266658,LEFTARMUP,174.5,331.4,240.0,330.4,194.8,0.0,311.7,339.5,31.4,0.0,161.1,0.0,121.8,0.0,0.821,0.026,0.564,7.07,1.31,-1.98,-0.839,-0.009,0.463,-1.54,-1.38,-0.85,62.42,60.01,0,1
1785171182.6294534,LEFTARMUP,174.5,331.4,239.9,330.4,194.9,0.0,311.7,339.5,31.4,0.0,161.1,0.0,121.8,0.0,0.832,0.033,0.566,5.85,1.88,-0.82,-0.849,-0.012,0.455,-0.73,-1.22,-1.24,62.57,60.51,0,1
1785171182.6476884,LEFTARMUP,174.5,331.4,239.9,330.4,195.0,0.0,311.7,339.5,31.4,0.0,161.1,0.0,121.8,0.0,0.826,0.017,0.56,6.09,2.24,-0.36,-0.842,-0.001,0.449,0.02,-1.51,-1.27,63.67,61.63,0,1
1785171182.649701,LEFTARMUP,174.5,331.4,239.9,330.4,195.1,0.0,311.7,339.5,31.4,0.0,161.1,0.0,121.8,0.0,0.831,0.03,0.548,6.38,2.75,-0.44,-0.837,0.01,0.467,-0.01,-0.97,-1.4,64.01,62.22,0,1
1785171182.6677282,LEFTARMUP,174.5,331.4,239.9,330.4,195.4,0.0,311.7,339.5,31.3,0.0,161.1,0.0,121.8,0.0,0.824,0.026,0.553,6.69,3.51,-1.37,-0.831,0.024,0.454,-0.71,-0.49,-1.48,64.25,62.67,0,1
1785171182.6747823,LEFTARMUP,174.5,331.5,239.9,330.4,195.5,0.0,311.5,339.5,31.3,0.0,161.1,0.0,121.8,0.0,0.814,0.037,0.555,7.11,3.53,-1.77,-0.832,0.014,0.463,-1.37,-0.03,-1.04,64.44,63.25,0,1
1785171182.685059,LEFTARMUP,174.5,331.6,239.9,330.4,195.5,0.0,311.5,339.5,31.4,0.0,161.1,0.0,121.8,0.0,0.81,0.026,0.553,7.96,3.11,-2.5,-0.83,0.01,0.459,-2.46,0.31,-1.16,65.83,64.69,0,1
1785171182.695176,LEFTARMUP,174.5,331.7,239.9,330.4,195.7,0.0,311.5,339.5,31.4,0.0,161.1,0.0,121.8,0.0,0.794,0.024,0.548,9.0,3.1,-3.38,-0.825,0.007,0.461,-2.53,0.73,-0.98,67.37,66.27,0,1
1785171182.6991956,LEFTARMUP,174.5,331.8,239.8,330.4,196.2,0.0,311.6,339.5,31.4,0.0,161.1,0.0,121.8,0.0,0.79,0.033,0.526,8.56,4.24,-3.73,-0.827,0.002,0.454,-2.53,1.11,-0.82,68.53,66.95,0,1
1785171182.7121775,LEFTARMUP,174.5,331.9,239.8,330.4,196.3,0.0,311.6,339.5,31.4,0.0,161.1,0.0,121.8,0.0,0.795,0.032,0.525,6.8,6.45,-3.25,-0.826,-0.007,0.462,-2.05,2.06,-0.77,69.4,67.71,0,1
1785171182.7226834,LEFTARMUP,174.5,332.0,239.8,330.4,196.4,0.0,311.6,339.5,31.4,0.0,161.0,0.0,121.8,0.0,0.817,0.041,0.524,4.93,9.81,-1.54,-0.842,-0.019,0.453,-0.95,2.31,-0.6,70.3,68.78,0,1
1785171182.7300363,LEFTARMUP,174.5,332.1,239.8,330.4,196.4,0.0,311.6,339.5,31.4,0.0,161.0,0.0,121.8,0.0,0.838,0.059,0.541,1.76,13.54,1.15,-0.838,-0.017,0.463,0.52,2.76,-0.92,72.22,70.34,0,1
1785171182.7451549,LEFTARMUP,174.5,332.2,239.8,330.4,196.4,0.0,311.6,339.5,31.4,0.0,161.0,0.0,121.8,0.0,0.836,0.051,0.554,-2.85,16.53,3.19,-0.834,-0.007,0.455,1.63,2.92,-1.15,74.17,72.0,0,1
1785171182.7555506,LEFTARMUP,174.5,332.4,239.8,330.4,196.4,0.0,311.5,339.5,31.4,0.0,161.0,0.0,121.8,0.0,0.81,0.036,0.561,-6.12,17.32,4.7,-0.84,0.01,0.454,2.02,2.91,-1.08,75.88,73.5,0,1
1785171182.764961,LEFTARMUP,174.5,332.6,239.8,330.4,196.2,0.0,311.5,339.5,31.4,0.0,161.0,0.0,121.8,0.0,0.809,-0.007,0.564,-7.26,16.22,4.57,-0.844,0.014,0.453,1.57,3.06,-1.27,77.41,74.63,0,1
1785171182.764961,LEFTARMUP,174.5,332.8,239.6,330.4,196.0,0.0,311.4,339.5,31.4,0.0,161.0,0.0,121.8,0.0,0.808,-0.008,0.574,-5.99,14.75,2.91,-0.854,0.023,0.444,0.76,3.06,-1.03,78.31,77.72,0,1
1785171182.786685,LEFTARMUP,174.4,332.9,239.7,330.4,195.6,0.0,311.3,339.5,31.4,0.0,161.0,0.0,121.8,0.0,0.813,0.014,0.583,-5.04,11.95,0.69,-0.845,0.029,0.441,-0.64,2.71,-0.63,78.73,77.54,0,1
1785171182.7957745,LEFTARMUP,174.3,333.0,239.7,330.4,195.5,0.0,311.2,339.5,31.4,0.0,161.0,0.0,121.8,0.0,0.81,0.009,0.594,-5.46,9.99,-0.58,-0.845,0.02,0.445,-1.4,2.07,-0.48,79.05,77.41,0,1
1785171182.8053188,LEFTARMUP,174.3,333.1,239.7,330.4,195.4,0.0,311.1,339.5,31.4,0.0,161.0,0.0,121.8,0.0,0.812,-0.009,0.609,-5.5,8.08,-1.48,-0.845,0.016,0.453,-2.56,2.0,-0.11,78.78,77.05,0,1
1785171182.812263,LEFTARMUP,174.3,333.2,239.7,330.4,194.6,0.0,310.9,339.5,31.4,0.0,161.0,0.0,121.8,0.0,0.802,-0.024,0.62,-5.03,5.93,-3.15,-0.852,0.006,0.453,-2.83,1.89,0.18,78.59,77.04,0,1
1785171182.8220491,LEFTARMUP,174.2,333.3,239.7,330.4,194.3,0.0,310.7,339.5,31.4,0.0,161.0,0.0,121.8,0.0,0.804,-0.019,0.6,-2.82,4.57,-4.36,-0.843,-0.005,0.446,-2.44,1.66,-0.15,77.94,75.78,0,1
1785171182.835697,LEFTARMUP,174.2,333.4,239.7,330.4,194.2,0.0,310.5,339.5,31.4,0.0,161.0,0.0,121.8,0.0,0.812,0.016,0.577,-1.77,4.8,-3.63,-0.854,-0.005,0.45,-1.49,1.47,-0.82,77.21,75.09,0,1
1785171182.8453305,LEFTARMUP,174.2,333.5,239.7,330.4,193.7,0.0,310.4,339.5,31.4,0.0,161.0,0.0,121.8,0.0,0.816,0.045,0.572,-3.62,6.78,-1.44,-0.861,-0.003,0.447,-0.89,0.49,-1.04,76.9,75.06,0,1
1785171182.8453305,LEFTARMUP,174.2,333.6,239.7,330.4,193.4,0.0,310.3,339.5,31.4,0.0,161.0,0.0,121.8,0.0,0.828,0.054,0.585,-6.47,7.58,2.5,-0.864,0.006,0.445,-0.75,-0.03,-0.95,76.68,75.05,0,1
1785171182.8618898,LEFTARMUP,174.2,333.7,239.7,330.4,193.1,0.0,310.2,339.5,31.4,0.0,161.0,0.0,121.8,0.0,0.819,0.025,0.593,-8.42,8.08,4.76,-0.853,0.008,0.444,-0.89,-0.98,-1.13,76.51,74.79,0,1
1785171182.877491,LEFTARMUP,174.2,333.8,239.7,330.4,193.1,0.0,310.0,339.5,31.6,0.0,161.0,0.0,121.8,0.0,0.786,-0.013,0.606,-6.62,7.92,5.76,-0.846,0.02,0.448,-1.2,-1.44,-1.25,76.38,74.59,0,1
1785171182.8842294,LEFTARMUP,174.2,333.9,239.7,330.4,192.9,0.0,309.8,339.5,31.6,0.0,161.0,0.0,121.8,0.0,0.79,-0.036,0.59,-4.4,8.3,5.17,-0.847,0.02,0.454,-1.7,-1.27,-1.15,74.79,74.69,0,1
1785171182.896255,LEFTARMUP,174.2,333.9,239.7,330.4,193.0,0.0,309.6,339.5,31.6,0.0,161.0,0.0,121.8,0.0,0.787,-0.017,0.618,-1.56,7.91,3.91,-0.841,0.021,0.446,-2.27,-1.44,-1.02,75.09,74.27,0,1
1785171182.9065247,LEFTARMUP,174.2,334.0,239.7,330.4,192.8,0.0,309.5,339.5,31.6,0.0,161.0,0.0,121.8,0.0,0.785,-0.01,0.596,0.37,6.77,2.99,-0.841,0.008,0.447,-2.72,-1.62,-0.92,75.32,74.2,0,1
1785171182.9165237,LEFTARMUP,174.1,334.0,239.7,330.5,192.6,0.0,309.4,339.5,31.6,0.0,161.0,0.0,121.8,0.0,0.79,0.001,0.592,1.48,6.48,2.02,-0.84,-0.005,0.453,-2.63,-1.55,-0.87,74.74,73.65,0,1
1785171182.9246018,LEFTARMUP,174.1,334.0,239.7,330.4,192.1,0.0,309.3,339.5,31.6,0.0,161.0,0.0,121.8,0.0,0.798,0.016,0.573,1.02,7.38,2.35,-0.848,-0.006,0.454,-1.94,-1.43,-0.95,74.55,73.24,0,1
1785171182.9297676,LEFTARMUP,174.0,334.0,239.7,330.4,191.8,0.0,309.3,339.5,31.5,0.0,161.0,0.0,121.8,0.0,0.81,0.033,0.577,-0.54,8.97,3.76,-0.836,-0.001,0.451,-1.36,-1.15,-1.53,73.92,74.43,0,1
1785171182.940936,LEFTARMUP,173.9,334.0,239.7,330.4,191.5,0.0,309.3,339.5,31.5,0.0,161.0,0.0,121.8,0.0,0.807,0.032,0.594,-2.44,10.01,5.15,-0.84,0.003,0.456,-1.22,-0.85,-1.56,73.69,73.57,0,1
1785171182.957615,LEFTARMUP,173.8,334.0,239.7,330.4,191.4,0.0,309.4,339.5,31.5,0.0,161.0,0.0,121.8,0.0,0.789,-0.006,0.608,-3.22,8.9,3.4,-0.838,0.003,0.445,-1.6,-0.86,-1.45,73.51,72.93,0,1
1785171182.9634037,LEFTARMUP,173.7,334.0,239.7,330.4,191.3,0.0,309.4,339.5,31.5,0.0,161.0,0.0,121.8,0.0,0.779,-0.047,0.625,-1.02,6.36,-0.85,-0.827,0.011,0.459,-1.6,-0.32,-1.33,72.89,71.95,0,1
1785171182.9732163,LEFTARMUP,173.7,334.1,239.7,330.4,191.4,0.0,309.5,339.5,31.5,0.0,161.0,0.0,121.8,0.0,0.767,-0.051,0.64,3.57,2.1,-5.21,-0.828,-0.0,0.458,-1.44,0.56,-1.15,72.41,71.46,0,1
1785171182.9860315,LEFTARMUP,173.6,334.1,239.7,330.4,191.4,0.0,309.5,339.5,31.5,0.0,161.0,0.0,121.8,0.0,0.759,-0.022,0.632,6.14,-0.65,-7.96,-0.831,0.005,0.448,-1.44,1.01,-0.85,72.06,71.59,0,1
1785171182.99604,LEFTARMUP,173.6,334.2,239.7,330.3,191.7,0.0,309.4,339.5,31.5,0.0,161.0,0.0,121.8,0.0,0.736,-0.001,0.594,9.6,-1.68,-8.58,-0.841,0.002,0.45,-0.94,1.04,-0.72,72.05,71.45,0,1
1785171183.004227,LEFTARMUP,173.6,334.3,239.7,330.3,191.4,0.0,309.4,339.5,31.5,0.0,161.0,0.0,121.8,0.0,0.754,0.019,0.573,11.6,-0.53,-4.91,-0.834,-0.001,0.454,-0.26,1.5,-1.02,71.53,70.83,0,1
1785171183.0133796,LEFTARMUP,173.6,334.4,239.7,330.3,191.7,0.0,309.4,339.5,31.5,0.0,161.0,0.0,121.8,0.0,0.806,0.043,0.529,15.28,1.59,-1.73,-0.847,-0.003,0.445,0.27,1.47,-0.85,71.65,71.13,0,1
1785171183.0203922,LEFTARMUP,173.5,334.5,239.8,330.3,191.9,0.0,309.4,339.5,31.5,0.0,161.0,0.0,121.8,0.0,0.827,0.086,0.55,15.39,4.04,3.02,-0.85,0.004,0.446,0.66,0.89,-0.77,71.74,71.09,0,1
1785171183.0340383,LEFTARMUP,173.4,334.6,239.8,330.3,191.9,0.0,309.4,339.5,31.5,0.0,161.1,0.0,121.7,0.0,0.841,0.073,0.562,11.69,6.02,5.06,-0.859,0.011,0.45,0.92,0.35,-1.73,71.8,71.57,0,1
1785171183.0476718,LEFTARMUP,173.5,334.7,239.8,330.3,192.4,0.0,309.7,339.5,31.4,0.0,161.0,0.0,121.7,0.0,0.844,0.072,0.565,9.69,6.92,6.72,-0.857,0.022,0.443,0.72,-0.37,-2.73,71.85,71.43,0,1
1785171183.050485,LEFTARMUP,173.3,334.8,239.8,330.3,192.1,0.0,309.6,339.5,31.4,0.0,161.0,0.0,121.7,0.0,0.854,0.043,0.558,8.12,7.76,6.37,-0.845,0.022,0.45,-0.32,-0.92,-2.61,72.89,71.32,0,1
1785171183.0655777,LEFTARMUP,173.1,334.9,239.8,330.3,192.4,0.0,309.6,339.5,31.4,0.0,160.9,0.0,121.7,0.0,0.815,0.042,0.555,7.41,7.73,5.69,-0.842,0.028,0.457,-2.17,-0.8,-1.8,73.17,71.49,0,1
1785171183.0708137,LEFTARMUP,173.0,334.9,239.8,330.3,192.3,0.0,309.7,339.5,31.4,0.0,160.9,0.0,121.7,0.0,0.8,0.038,0.546,7.5,7.64,4.37,-0.832,0.022,0.464,-3.22,-0.13,-1.68,73.13,71.87,0,1
1785171183.082538,LEFTARMUP,172.9,334.9,239.8,330.3,192.5,0.0,309.6,339.5,31.4,0.0,160.9,0.0,121.7,0.0,0.793,0.049,0.563,5.37,7.5,3.7,-0.83,0.017,0.459,-4.03,0.66,-1.49,73.84,72.65,0,1
1785171183.0957847,LEFTARMUP,172.8,335.0,239.8,330.3,192.5,0.0,309.6,339.5,31.4,0.0,161.0,0.0,121.7,0.0,0.788,-0.01,0.593,3.49,6.33,1.16,-0.838,0.007,0.458,-4.68,1.11,-1.35,74.63,73.49,0,1
1785171183.0957847,LEFTARMUP,172.8,335.1,239.8,330.3,192.3,0.0,309.6,339.7,31.4,0.0,161.0,0.0,121.7,0.0,0.854,-0.013,0.604,2.13,7.67,-3.34,-0.835,-0.002,0.456,-4.98,1.95,-0.85,75.97,74.87,0,1
1785171183.1132252,LEFTARMUP,172.8,335.2,239.8,330.3,191.8,0.0,309.7,339.8,31.4,0.0,161.0,0.0,121.7,0.0,0.8,0.001,0.597,-0.7,5.35,-2.65,-0.831,-0.0,0.448,-4.24,2.07,-0.45,77.98,76.65,0,1
1785171183.1255655,LEFTARMUP,172.8,335.3,239.8,330.3,191.8,0.0,309.7,339.7,31.5,0.0,161.0,0.0,121.6,0.0,0.796,0.02,0.58,-2.88,4.21,-3.53,-0.831,-0.018,0.463,-3.65,2.86,0.3,80.24,78.99,0,1
1785171183.1356144,LEFTARMUP,172.8,335.5,239.8,330.3,191.5,0.0,309.6,339.7,31.5,0.0,161.0,0.0,121.6,0.0,0.725,0.135,0.589,-9.65,2.06,5.6,-0.844,-0.022,0.449,-2.32,2.99,0.39,82.43,81.49,0,1
1785171183.1457663,LEFTARMUP,172.8,335.6,239.8,330.3,191.1,0.0,309.5,339.7,31.5,0.0,161.0,0.0,121.6,0.0,0.926,-0.053,0.577,-16.18,13.11,0.6,-0.856,-0.031,0.439,-0.6,3.08,0.34,84.57,83.12,0,0
