t,wall,sim_left_j1,sim_left_j2,sim_left_j3,sim_left_j4,sim_left_j5,sim_left_j6,sim_left_j7,real_left_j1,real_left_j2,real_left_j3,real_left_j4,real_left_j5,real_left_j6,real_left_j7,master_left_x,master_left_y,master_left_z,master_left_qx,master_left_qy,master_left_qz,master_left_qw,cmd_left_x,cmd_left_y,cmd_left_z,sim_left_fresh,real_left_fresh,master_left_fresh,sim_right_j1,sim_right_j2,sim_right_j3,sim_right_j4,sim_right_j5,sim_right_j6,sim_right_j7,real_right_j1,real_right_j2,real_right_j3,real_right_j4,real_right_j5,real_right_j6,real_right_j7,master_right_x,master_right_y,master_right_z,master_right_qx,master_right_qy,master_right_qz,master_right_qw,cmd_right_x,cmd_right_y,cmd_right_z,sim_right_fresh,real_right_fresh,master_right_fresh,vr_left_engaged,vr_left_grip,vr_left_refused,vr_left_disp_m,vr_left_lag_m,vr_left_cutoff_hz,vr_left_tracked,vr_left_fresh,vr_right_engaged,vr_right_grip,vr_right_refused,vr_right_disp_m,vr_right_lag_m,vr_right_cutoff_hz,vr_right_tracked,vr_right_fresh,estop,n_detections,autonomy_left,autonomy_right
0.3413,1788063451.5307,,,,,,,,1.711200842624964,0.6352986759350563,2.336899621778612,-1.544021437827458,-0.33428317582005407,-0.514761874469198,-2.259110284234051,0.5765,0.389181,0.955371,-0.536039,0.780221,-0.177863,0.268854,,,,0,1,1,,,,,,,,2.6609746348242833,-1.5906145063628303,-0.10863460192207626,-0.4811091056705207,2.3540919245117276,0.9181414971406576,-2.3585974604439235,-0.42132,0.296579,0.820947,0.44586,0.861626,0.063599,0.234017,,,,0,1,1,0,0,,,,,0,0,0,0,,,,,0,0,0,0,,
0.3913,1788063451.5807,,,,,,,,1.7111999105185827,0.6352986759350563,2.336898822830285,-1.544021437827458,-0.33428317582005407,-0.514762407101416,-2.259110284234051,0.5765,0.389181,0.955371,-0.536039,0.780221,-0.177863,0.268854,,,,0,1,1,,,,,,,,2.661401805863132,-1.5907567191650405,-0.10977443486863017,-0.48111336672826477,2.355254394327547,0.9178218512308208,-2.359056056783635,-0.42132,0.296579,0.820947,0.44586,0.861626,0.063599,0.234017,,,,0,1,1,0,0,,,,,0,0,0,0,,,,,0,0,0,0,,
0.4454,1788063451.6348,0.5015561327432071,1.6981995033639332,-2.3701363067980004,-0.1546914843398088,-1.9705016409302327,1.3745486279079504,-0.8183734517364704,1.7111999105185827,0.6352986759350563,2.336898822830285,-1.544021437827458,-0.33428317582005407,-0.514762407101416,-2.259110284234051,0.575381,0.388855,0.954923,-0.536002,0.781524,-0.176804,0.265823,,,,1,1,1,2.6585403078649152,-1.5914676701157366,-0.1026039947168105,-0.4819957645939769,2.347591567317632,0.9207994768173624,-2.3562555660461144,2.6616281745557884,-1.590807319225752,-0.1104210503813014,-0.48112295410818906,2.355854670837251,0.9175745101445798,-2.359253929652628,-0.421319,0.296585,0.820944,0.445861,0.861626,0.063599,0.234016,,,,1,1,1,0,0,,,,,0,0,0,0,,,,,0,0,0,0,,
0.4923,1788063451.6818,0.5017451855539206,1.698119805355458,-2.3684148728442875,-0.15463233334552068,-1.966590475700112,1.3747766283879783,-0.818487087350605,1.7112003099927462,0.6352991419882471,2.336899355462503,-1.544021437827458,-0.33428317582005407,-0.514762407101416,-2.259110284234051,0.573962,0.388437,0.954356,-0.535938,0.783172,-0.17547,0.261959,,,,1,1,1,2.658502394931132,-1.5914521697773611,-0.10241742561180178,-0.4820147147034542,2.3473764185118045,0.9208309234694553,-2.3562035002376494,2.6616281745557884,-1.590807319225752,-0.1104210503813014,-0.48112295410818906,2.355854670837251,0.9175745101445798,-2.359253929652628,-0.42132,0.296583,0.820944,0.44586,0.861626,0.063599,0.234017,,,,1,1,1,0,0,,,,,0,0,0,0,,,,,0,0,0,0,,
0.5418,1788063451.7312,0.5019049626003778,1.698048353123026,-2.3695604939536166,-0.15460118185509908,-1.9606494069673501,1.3749741550645078,-0.8185952232894254,1.7112003099927462,0.6352986759350563,2.336899355462503,-1.544021437827458,-0.33428317582005407,-0.514761874469198,-2.259110284234051,0.574895,0.38872,0.954738,-0.535993,0.782075,-0.176342,0.264525,,,,1,1,1,2.658502394931132,-1.5914521697773611,-0.10241742561180178,-0.4820147147034542,2.3473764185118045,0.9208309234694553,-2.3562035002376494,2.6616542735344715,-1.5908568540220274,-0.11053609894039283,-0.48111975831488096,2.355792086551634,0.9175440835291256,-2.359399338248146,-0.42132,0.296579,0.820946,0.44586,0.861626,0.0636,0.234017,,,,1,1,1,0,0,,,,,0,1,0,0,,,,,0,1,0,0,,
0.5919,1788063451.7813,0.5019284046572368,1.6980400516593055,-2.370704704725409,-0.15459097938029187,-1.960763065854647,1.3750018055657225,-0.8186069006380726,1.7112003099927462,0.6352986759350563,2.336899355462503,-1.544021437827458,-0.33428317582005407,-0.514761874469198,-2.259110284234051,0.574895,0.38872,0.954738,-0.535993,0.782075,-0.176342,0.264525,,,,1,0,0,2.6584802116359008,-1.5914677938823414,-0.10231798703436419,-0.48196784530752235,2.347278165879625,0.9208721432042556,-2.3562042780290513,2.6616542735344715,-1.5908568540220274,-0.11053609894039283,-0.48111975831488096,2.355792086551634,0.9175440835291256,-2.359399338248146,-0.42132,0.296579,0.820946,0.44586,0.861626,0.0636,0.234017,,,,1,0,0,0,0,,,,,0,0,0,0,,,,,0,0,0,0,,
0.6417,1788063451.8312,0.5020170734856911,1.6980098541982365,-2.3754216407047988,-0.15454906649686975,-1.9617623079230708,1.3751055897351327,-0.8186486415841135,1.7112003099927462,0.6352982098818656,2.336899355462503,-1.544021437827458,-0.33428317582005407,-0.514762407101416,-2.259110284234051,0.575519,0.389028,0.955137,-0.536176,0.781104,-0.176884,0.266652,,,,1,1,1,2.6584577265634444,-1.5914836305346005,-0.10221719571390091,-0.4819203383094636,2.3471785766377877,0.9209139236842938,-2.3562050664013756,2.6619962234184373,-1.5909468688668722,-0.11191508375283586,-0.4811240193726251,2.3569745300756293,0.9171711743974873,-2.3598150576943078,-0.42132,0.296581,0.820946,0.44586,0.861626,0.063599,0.234017,,,,1,1,1,0,0,,,,,0,0,0,0,,,,,0,0,0,0,,
0.6942,1788063451.8836,0.5021126884274676,1.6979661038653155,-2.377249243487574,-0.1545289589904776,-1.9612333471113614,1.3752229153210425,-0.8187125227067709,1.7112003099927462,0.6352982098818656,2.336899355462503,-1.544021437827458,-0.33428317582005407,-0.514762407101416,-2.259110284234051,0.574496,0.388634,0.954617,-0.536015,0.782476,-0.175956,0.263548,,,,1,0,1,2.6584296569205965,-1.5914856953864982,-0.102084518831795,-0.48190260832042625,2.3470346641226416,0.9209496797416061,-2.3561837475805136,2.6619962234184373,-1.5909468688668722,-0.11191508375283586,-0.4811240193726251,2.3569745300756293,0.9171711743974873,-2.3598150576943078,-0.421319,0.296586,0.820943,0.44586,0.861626,0.063599,0.234017,,,,1,0,1,0,0,,,,,0,0,0,0,,,,,0,0,0,0,,
0.7442,1788063451.9336,0.5022424376461505,1.6979052292340149,-2.378498985308525,-0.15450750870452096,-1.9566990829255744,1.3753826196055816,-0.8188032590771227,1.7112003099927462,0.6352986759350563,2.336899355462503,-1.544021437827458,-0.33428317582005407,-0.514762407101416,-2.259110284234051,0.574352,0.388548,0.95451,-0.535956,0.782724,-0.175839,0.263013,,,,1,1,1,2.6583659649206517,-1.5914662701798767,-0.10177422482037349,-0.48191900052543946,2.3466816751373094,0.9210084247128474,-2.356105137770025,2.6624335144694284,-1.5911679112373487,-0.11322642427359088,-0.4811410636036016,2.3583641675324323,0.9167402083540852,-2.360234505565995,-0.421319,0.296585,0.820943,0.44586,0.861626,0.063599,0.234017,,,,1,1,1,0,0,,,,,0,0,0,0,,,,,0,0,0,0,,
0.7932,1788063451.9827,0.5022882310433463,1.69788428654449,-2.378973630568896,-0.15449910837846517,-1.954610970522161,1.3754386861511365,-0.8188346059975156,1.7111999105185827,0.6352986759350563,2.336899355462503,-1.544021970459676,-0.33428317582005407,-0.514762407101416,-2.259110284234051,0.574352,0.388548,0.95451,-0.535956,0.782724,-0.175839,0.263013,,,,1,1,1,2.658323814426123,-1.5914622256298052,-0.10157226391956589,-0.4819091807008959,2.346457789576079,0.9210554665967977,-2.356064206986144,2.6625115450893677,-1.5912073260214818,-0.11382723341551275,-0.4811474551902178,2.358860847075732,0.9166327498041005,-2.3604097415657224,-0.421319,0.296585,0.820943,0.44586,0.861626,0.063599,0.234017,,,,1,1,1,0,0,,,,,0,0,0,0,,,,,0,0,0,0,,
0.8424,1788063452.0319,0.502486523867147,1.697799175411689,-2.382998384984332,-0.15445262461188486,-1.9538634312177197,1.375681316133688,-0.8189617590668172,1.7111999105185827,0.6352986759350563,2.336899355462503,-1.544021970459676,-0.33428317582005407,-0.514762407101416,-2.259110284234051,0.574942,0.388866,0.954917,-0.536164,0.781761,-0.176335,0.26511,,,,1,0,1,2.6582336836857166,-1.5914554537589627,-0.1011257791301936,-0.4818838110887051,2.345960290624434,0.9211586227726444,-2.3559790155274047,2.6625115450893677,-1.5912073260214818,-0.11382723341551275,-0.4811474551902178,2.358860847075732,0.9166327498041005,-2.3604097415657224,-0.421319,0.296585,0.820943,0.44586,0.861626,0.063599,0.234017,,,,1,0,1,0,0,,,,,0,0,0,0,,,,,0,0,0,0,,
0.8926,1788063452.0821,0.5026374582129213,1.697734786993355,-2.38553629169665,-0.1544160601111293,-1.9519285409891667,1.3758654429711705,-0.8190567507364207,1.7112003099927462,0.6352986759350563,2.336899355462503,-1.544021437827458,-0.33428317582005407,-0.514762407101416,-2.259110284234051,0.574505,0.388654,0.954646,-0.536043,0.782425,-0.175959,0.263644,,,,1,1,1,2.6581569994241527,-1.5914584999067827,-0.10073851220986538,-0.4818420213036922,2.3455337924816493,0.9212549038477724,-2.355917202089658,2.662755756961328,-1.5912600566110655,-0.1146554765145274,-0.4811788804910807,2.359824645074232,0.9163672992224469,-2.3606502250121566,-0.421319,0.296585,0.820943,0.44586,0.861626,0.063599,0.234017,,,,1,1,0,0,0,,,,,0,0,0,0,,,,,0,0,0,0,,
0.9477,1788063452.1372,0.5026902724558783,1.6977118328447596,-2.3862779745327085,-0.15440448302017937,-1.9504053963965018,1.3759298818083796,-0.8190905138652596,1.7112003099927462,0.6352986759350563,2.336899355462503,-1.544021437827458,-0.33428317582005407,-0.514762407101416,-2.259110284234051,0.574505,0.388654,0.954646,-0.536043,0.782425,-0.175959,0.263644,,,,1,0,0,2.6580915639871017,-1.5914512810611061,-0.10041931566263722,-0.48182990260389974,2.3451795086771345,0.9213267364229525,-2.3558509421952083,2.662755756961328,-1.5912600566110655,-0.1146554765145274,-0.4811788804910807,2.359824645074232,0.9163672992224469,-2.3606502250121566,-0.421318,0.296588,0.820944,0.445864,0.861625,0.063601,0.234015,,,,1,0,1,0,0,,,,,0,0,0,0,,,,,0,0,0,0,,
0.9916,1788063452.1811,0.5028324760285454,1.6976516407634759,-2.3883746085760547,-0.15437099706131016,-1.9469592620467566,1.3761030405801988,-0.8191801388636194,1.7112003099927462,0.6352982098818656,2.336899355462503,-1.544021437827458,-0.33428317582005407,-0.514762407101416,-2.259110284234051,0.574481,0.388648,0.954639,-0.536045,0.782448,-0.175936,0.263587,,,,1,1,1,2.65802491164065,-1.5914314804240624,-0.10008161779562164,-0.48184616590314117,2.3447897186282747,0.9213877271899374,-2.355767536942162,2.6629019645051737,-1.5913250377416635,-0.1153782584343749,-0.48125611216269304,2.3605551501612405,0.9161418626361716,-2.3608273252246468,-0.421316,0.296593,0.820945,0.445868,0.861623,0.063605,0.234013,,,,1,1,1,0,0,,,,,0,0,0,0,,,,,0,0,0,0,,
1.0444,1788063452.2339,0.5029101824178421,1.6976282300956291,-2.389529966359611,-0.1543339415443638,-1.9461488076988591,1.3761949806386695,-0.8192132953595198,1.7112003099927462,0.6352986759350563,2.336899355462503,-1.544021437827458,-0.33428317582005407,-0.514762407101416,-2.259110284234051,0.574671,0.388757,0.954779,-0.536121,0.782124,-0.176093,0.264287,,,,1,1,1,2.65802491164065,-1.5914314804240624,-0.10008161779562164,-0.48184616590314117,2.3447897186282747,0.9213877271899374,-2.355767536942162,2.6631962438056274,-1.5914081283676738,-0.11640357545405541,-0.48141749972475184,2.3613610227070985,0.9159182902626595,-2.361108022403541,-0.421315,0.296593,0.820948,0.445871,0.861622,0.063609,0.23401,,,,1,1,1,0,0,,,,,0,1,0,0,,,,,0,1,0,0,,
1.0938,1788063452.2832,0.5030663343217783,1.6975833450393796,-2.3918538718790314,-0.1542552067383751,-1.9447644521607124,1.3763791246209005,-0.8192763216004963,1.7112003099927462,0.6352986759350563,2.336899355462503,-1.544021437827458,-0.33428317582005407,-0.514762407101416,-2.259110284234051,0.574671,0.388757,0.954779,-0.536121,0.782124,-0.176093,0.264287,,,,1,0,1,2.6579956811946364,-1.5914364333413975,-0.09994821119969084,-0.4818212085410252,2.344648646228713,0.9214279830653239,-2.3557492825431745,2.6631962438056274,-1.5914081283676738,-0.11640357545405541,-0.48141749972475184,2.3613610227070985,0.9159182902626595,-2.361108022403541,-0.421315,0.296593,0.820948,0.445871,0.861622,0.063609,0.23401,,,,1,0,1,0,0,,,,,0,0,0,0,,,,,0,0,0,0,,
1.1531,1788063452.3425,0.5031818297844664,1.6975415620573582,-2.3934786605856333,-0.15421202206550658,-1.9426759704004901,1.3765165985411036,-0.8193367128154445,1.7111999105185827,0.6352986759350563,2.336899355462503,-1.544021437827458,-0.33428317582005407,-0.514762407101416,-2.259110284234051,0.574583,0.388711,0.95472,-0.536093,0.782263,-0.176021,0.263981,,,,1,1,1,2.657933716158024,-1.5914330398085152,-0.09965448711821343,-0.48180103533393914,2.3443257270987883,0.9214997828577924,-2.3556925448844055,2.663328869227913,-1.5915668527686426,-0.1170150372403376,-0.4814350765879464,2.362134404687658,0.9157812706245749,-2.361334391096198,-0.421315,0.296593,0.820948,0.445871,0.861622,0.063609,0.23401,,,,1,1,0,0,0,,,,,0,0,0,0,,,,,0,0,0,0,,
1.2029,1788063452.3926,0.5032671574412753,1.6975074356763433,-2.394660851039424,-0.1541858774180848,-1.9406751196177892,1.3766186865664065,-0.8193865455959894,1.7111999105185827,0.6352986759350563,2.336899355462503,-1.544021437827458,-0.33428317582005407,-0.514762407101416,-2.259110284234051,0.574558,0.388698,0.954703,-0.536086,0.782302,-0.176,0.263894,,,,1,0,1,2.657857633262678,-1.5914239368078025,-0.09928243152809202,-0.48178804143729903,2.343909292194586,0.9215825547464117,-2.3556154387441897,2.663328869227913,-1.5915668527686426,-0.1170150372403376,-0.4814350765879464,2.362134404687658,0.9157812706245749,-2.361334391096198,-0.421315,0.296593,0.820948,0.445871,0.861622,0.063609,0.23401,,,,1,0,1,0,0,,,,,0,0,0,0,,,,,0,0,0,0,,
1.2419,1788063452.4313,0.5034298774090258,1.6974455178473,-2.3974768257683614,-0.15413837344755713,-1.9381804871691637,1.3768169653412257,-0.8194785307353839,1.7112003099927462,0.6352982098818656,2.336899355462503,-1.544021437827458,-0.33428317582005407,-0.514762407101416,-2.259110284234051,0.574558,0.388698,0.954703,-0.536086,0.782302,-0.176,0.263894,,,,1,1,1,2.6578262286190792,-1.5914232799704053,-0.09913229499916526,-0.4817754235949142,2.34374411771478,0.9216199640885676,-2.3555875292652257,2.6634886588933178,-1.591615322300482,-0.11752902733072289,-0.481456381876667,2.3625956641884596,0.9156461817782806,-2.361447575442526,-0.421315,0.296594,0.820946,0.44587,0.861622,0.063608,0.234011,,,,1,1,1,0,0,,,,,0,0,0,0,,,,,0,0,0,0,,
1.2927,1788063452.4822,0.5035379629212446,1.6974043893960096,-2.39934731575911,-0.15410681929315379,-1.9365234463662757,1.3769486705230463,-0.8195396311709691,1.7112003099927462,0.6352982098818656,2.336899355462503,-1.544021437827458,-0.33428317582005407,-0.514762407101416,-2.259110284234051,0.574556,0.388725,0.954738,-0.536122,0.782248,-0.175988,0.263989,,,,1,0,1,2.65776747892049,-1.5914143480074792,-0.098851700339571,-0.4817698717802537,2.343431646659855,0.9216827994544574,-2.355526402280157,2.6634886588933178,-1.591615322300482,-0.11752902733072289,-0.481456381876667,2.3625956641884596,0.9156461817782806,-2.361447575442526,-0.421315,0.296595,0.820946,0.445871,0.861622,0.063609,0.23401,,,,1,0,1,0,0,,,,,0,0,0,0,,,,,0,0,0,0,,
1.3413,1788063452.5308,0.5035905896172288,1.6973907251949103,-2.4000958273725495,-0.15407827684281636,-1.9358104394855595,1.3770100720884593,-0.8195585033237068,1.7112003099927462,0.6352982098818656,2.336899355462503,-1.544021437827458,-0.33428317582005407,-0.514762407101416,-2.259110284234051,0.574556,0.388725,0.954738,-0.536122,0.782248,-0.175988,0.263989,,,,1,1,0,2.65771711732188,-1.5914104258962678,-0.09860876257012478,-0.4817551559323293,2.343163824054794,0.9217407503243975,-2.3554788055159173,2.6635512431789348,-1.5917058697775448,-0.1177777665765363,-0.4814952640285821,2.3629000635010553,0.915548244029193,-2.3615455797706413,-0.421315,0.296596,0.820946,0.445871,0.861622,0.063609,0.23401,,,,1,1,1,0,0,,,,,0,0,0,0,,,,,0,0,0,0,,
1.3948,1788063452.5843,0.5031370575619,1.697712539931157,-2.399069672880503,-0.1542805010244822,-1.9368006687037356,1.3765225779132488,-0.819151563338731,1.7112003099927462,0.6352982098818656,2.336899355462503,-1.544021437827458,-0.33428317582005407,-0.514762407101416,-2.259110284234051,0.57455,0.388723,0.954734,-0.536122,0.782256,-0.175982,0.263969,,,,1,1,1,2.6576879605198647,-1.5914216557796559,-0.09846351895115557,-0.4817128145286038,2.343011868241456,0.9217879541584217,-2.3554677453194106,2.6635533737078068,-1.5917990804156974,-0.11775220023007153,-0.481558114630308,2.362779422303675,0.915550108241956,-2.361548242931731,-0.421315,0.296596,0.820946,0.44587,0.861622,0.063609,0.234011,,,,1,1,1,0,0,,,,,0,0,0,0,,,,,0,0,0,0,,
1.4493,1788063452.6388,0.5029156751194063,1.6978581903591337,-2.398264750887503,-0.15438166482533738,-1.9375729188722106,1.3762822826858347,-0.8189666162963867,1.7112003099927462,0.6352982098818656,2.336899355462503,-1.544021437827458,-0.33428317582005407,-0.514762407101416,-2.259110284234051,0.57455,0.388723,0.954734,-0.536122,0.782256,-0.175982,0.263969,,,,1,0,1,2.6576879605198647,-1.5914216557796559,-0.09846351895115557,-0.4817128145286038,2.343011868241456,0.9217879541584217,-2.3554677453194106,2.6635533737078068,-1.5917990804156974,-0.11775220023007153,-0.481558114630308,2.362779422303675,0.915550108241956,-2.361548242931731,-0.421315,0.296601,0.820946,0.445871,0.861622,0.06361,0.23401,,,,1,0,1,0,0,,,,,0,0,0,0,,,,,0,0,0,0,,
1.4962,1788063452.6857,0.5016587604220719,1.6985319032105428,-2.3872089446445797,-0.15482371817291768,-1.9478093968214711,1.3747766311569267,-0.8179962931984779,1.7112003099927462,0.6352986759350563,2.336899355462503,-1.544021437827458,-0.33428317582005407,-0.514762407101416,-2.259110284234051,0.573875,0.388943,0.954988,-0.536891,0.781807,-0.175457,0.264083,,,,1,1,1,2.657661073111259,-1.5914124560493759,-0.09833542365476106,-0.4817237455229777,2.342864761573947,0.9218109319422744,-2.3554331409847995,2.6635698853065652,-1.5919008131693386,-0.11777510341544621,-0.4816491947395887,2.362625225276559,0.9155396553346774,-2.36155117240893,-0.421315,0.296601,0.820946,0.445871,0.861622,0.06361,0.23401,,,,1,1,0,0,0,,,,,0,0,0,0,,,,,0,0,0,0,,
1.5514,1788063452.7409,0.5020503146971881,1.6982899246200263,-2.3272682387757015,-0.1546554579940524,-2.00190315018404,1.375152876390211,-0.8183080183537406,1.7112003099927462,0.6352986759350563,2.336899355462503,-1.544021437827458,-0.33428317582005407,-0.514762407101416,-2.259110284234051,0.573704,0.389115,0.955176,-0.537271,0.781436,-0.175291,0.264519,,,,1,1,1,2.6575354544948095,-1.591421003639089,-0.09773739445001518,-0.4816460784272479,2.342216133683302,0.921971257333534,-2.3553368593674913,2.6636026421879735,-1.5919450216434339,-0.11810799855170612,-0.4817019253291723,2.3629810235981936,0.9154178822938336,-2.3616273388161066,-0.421315,0.296599,0.820946,0.445871,0.861622,0.06361,0.23401,,,,1,1,1,0,0,,,,,0,1,0,0,,,,,0,1,0,0,,
1.6074,1788063452.7969,0.5020533541640093,1.6982880656802415,-2.326793828526668,-0.1546541803164439,-2.002331290291375,1.3751558466816745,-0.818310433994275,1.7112003099927462,0.6352986759350563,2.336899355462503,-1.544021437827458,-0.33428317582005407,-0.514762407101416,-2.259110284234051,0.577455,0.387929,0.953957,-0.534446,0.78162,-0.17961,0.26679,,,,1,1,1,2.6575331450410795,-1.5914079783219792,-0.0977216059627024,-0.4816754569777559,2.342190169691658,0.9219618911864406,-2.355318768494056,2.6636026421879735,-1.5919450216434339,-0.11810799855170612,-0.4817019253291723,2.3629810235981936,0.9154178822938336,-2.3616273388161066,-0.421314,0.296604,0.820944,0.445871,0.861622,0.06361,0.23401,,,,1,1,1,0,0,,,,,0,0,0,0,,,,,0,0,0,0,,
1.6465,1788063452.836,0.5020533541640093,1.6982880656802415,-2.326793828526668,-0.1546541803164439,-2.002331290291375,1.3751558466816745,-0.818310433994275,1.7112003099927462,0.6352986759350563,2.336899355462503,-1.544021437827458,-0.33428317582005407,-0.514762407101416,-2.259110284234051,0.577455,0.387929,0.953957,-0.534446,0.78162,-0.17961,0.26679,,,,1,0,0,2.657531573998309,-1.591399117642066,-0.09771086559214481,-0.48169544220576715,2.3421725072718274,0.9219555197153498,-2.3553064618885813,2.6636026421879735,-1.5919450216434339,-0.11810799855170612,-0.4817019253291723,2.3629810235981936,0.9154178822938336,-2.3616273388161066,-0.421314,0.296604,0.820944,0.445871,0.861622,0.06361,0.23401,,,,1,0,0,0,0,,,,,0,0,0,0,,,,,0,0,0,0,,
1.697,1788063452.8864,0.5020579582091135,1.69828869542512,-2.3211538866224823,-0.15465276273807593,-2.0076353723190885,1.375165780109012,-0.81831063711944,1.7112003099927462,0.6352986759350563,2.336899355462503,-1.544021970459676,-0.33428317582005407,-0.514762407101416,-2.259110284234051,0.577455,0.387929,0.953957,-0.534446,0.78162,-0.17961,0.26679,,,,1,1,1,2.657514964570422,-1.591399961979989,-0.09763234599574547,-0.48168624058673654,2.342086886486833,0.9219762878920218,-2.355293195991543,2.663651378035922,-1.5920025459229796,-0.11858843281235641,-0.4818670413167572,2.363325370327141,0.9153665498638223,-2.3617327999952735,-0.421314,0.296604,0.820944,0.445871,0.861622,0.06361,0.23401,,,,1,1,1,0,0,,,,,0,0,0,0,,,,,0,0,0,0,,
1.7413,1788063452.9308,0.5020689111143284,1.6982901935720336,-2.3077366094896483,-0.15464939035549763,-2.0202536474201684,1.3751894114778689,-0.8183111203489974,1.7112003099927462,0.6352982098818656,2.336899355462503,-1.544021437827458,-0.33428317582005407,-0.514762407101416,-2.259110284234051,0.577485,0.38792,0.953948,-0.534424,0.781622,-0.179643,0.266808,,,,1,1,1,2.657458625026715,-1.5914028259927433,-0.09736600580249405,-0.4816550284931545,2.3417964589061087,0.9220467340028263,-2.355248197777813,2.663723816017572,-1.59208563654899,-0.1186283802287076,-0.48188195501886166,2.363386356716104,0.9153665498638223,-2.3617482463295962,-0.421315,0.2966,0.820946,0.445871,0.861622,0.063611,0.23401,,,,1,1,1,0,0,,,,,0,0,0,0,,,,,0,0,0,0,,
1.7911,1788063452.9805,0.5021245210509213,1.6982662645354991,-2.3120344602328227,-0.15462695148905828,-2.016036003094667,1.3752541690322584,-0.8183440436089585,1.7112003099927462,0.6352982098818656,2.336899355462503,-1.544021437827458,-0.33428317582005407,-0.514762407101416,-2.259110284234051,0.578217,0.387648,0.953672,-0.533809,0.781741,-0.180499,0.267111,,,,1,0,1,2.6574235088883715,-1.5914046111166806,-0.09719999737471596,-0.48163557416100894,2.34161543693766,0.9220906426895138,-2.3552201506302044,2.663723816017572,-1.59208563654899,-0.1186283802287076,-0.48188195501886166,2.363386356716104,0.9153665498638223,-2.3617482463295962,-0.421314,0.296601,0.820945,0.445871,0.861622,0.06361,0.23401,,,,1,0,1,0,0,,,,,0,0,0,0,,,,,0,0,0,0,,
1.8432,1788063453.0327,0.501757811980866,1.6985888340901119,-2.325975362849,-0.15481761424382645,-2.002667825216956,1.3748783421200266,-0.8179656747645959,1.7111999105185827,0.6352986759350563,2.336899355462503,-1.544021437827458,-0.33428317582005407,-0.514762407101416,-2.259110284234051,0.578217,0.387648,0.953672,-0.533809,0.781741,-0.180499,0.267111,,,,1,1,0,2.6574235088883715,-1.5914046111166806,-0.09719999737471596,-0.48163557416100894,2.34161543693766,0.9220906426895138,-2.3552201506302044,2.6637778781877004,-1.5922416977888687,-0.11863104338979769,-0.48190858662976244,2.3633823619744687,0.9153712769747572,-2.3617482463295962,-0.421314,0.296601,0.820945,0.445871,0.861622,0.06361,0.23401,,,,1,1,0,0,0,,,,,0,0,0,0,,,,,0,0,0,0,,
1.8926,1788063453.082,0.5013400393679497,1.6989247142712731,-2.33374702933241,-0.1550266369751509,-1.9953373221813617,1.3744403601237678,-0.8175655518014135,1.7111999105185827,0.6352986759350563,2.336899355462503,-1.544021437827458,-0.33428317582005407,-0.514762407101416,-2.259110284234051,0.578344,0.387613,0.95364,-0.53372,0.781736,-0.180644,0.267207,,,,1,0,1,2.6574144886728033,-1.5914033765852988,-0.097156252795724,-0.48163414314784,2.3415670457705464,0.9221004344710588,-2.355211207536586,2.6637778781877004,-1.5922416977888687,-0.11863104338979769,-0.48190858662976244,2.3633823619744687,0.9153712769747572,-2.3617482463295962,-0.421314,0.296603,0.820944,0.445871,0.861622,0.063609,0.23401,,,,1,0,1,0,0,,,,,0,0,0,0,,,,,0,0,0,0,,
1.9417,1788063453.1311,0.5013400393679497,1.6989247142712731,-2.33374702933241,-0.1550266369751509,-1.9953373221813617,1.3744403601237678,-0.8175655518014135,1.7112003099927462,0.6352986759350563,2.336899355462503,-1.544021437827458,-0.33428317582005407,-0.514762407101416,-2.259110284234051,0.576452,0.388261,0.954329,-0.535542,0.781031,-0.178779,0.266877,,,,1,1,1,2.657372162807141,-1.5913908366679408,-0.09694980290281625,-0.48164432922782313,2.341332871212443,0.9221398507564094,-2.3551598170936545,2.6638162277073976,-1.592318396828263,-0.11872798245347657,-0.4819730351281424,2.3634737083998583,0.9153732077665475,-2.361750909490686,-0.421314,0.296603,0.820944,0.445871,0.861622,0.06361,0.23401,,,,1,1,1,0,0,,,,,0,0,0,0,,,,,0,0,0,0,,
1.9929,1788063453.1824,0.5013062101266542,1.6989328677900988,-2.3316802289168987,-0.15501624259527158,-1.9977825518618924,1.374361888776886,-0.817523713478804,1.7112003099927462,0.6352986759350563,2.336899355462503,-1.544021437827458,-0.33428317582005407,-0.514762407101416,-2.259110284234051,0.576452,0.388261,0.954329,-0.535542,0.781031,-0.178779,0.266877,,,,1,1,1,2.657331376668059,-1.5913781833382046,-0.09675076312816344,-0.4816555715300571,2.341106615460449,0.9221772818952685,-2.355109500346586,2.6638138308624164,-1.5923610074057042,-0.11877432145644394,-0.48212004162031474,2.3635365590015844,0.9153779348774824,-2.3617527737034494,-0.421314,0.296603,0.820944,0.445871,0.861622,0.06361,0.23401,,,,1,1,1,0,0,,,,,0,0,0,0,,,,,0,0,0,0,,
2.0425,1788063453.232,0.501202986669835,1.6989577466926749,-2.325373782917086,-0.15498452613396327,-2.00524370235406,1.3741224484768313,-0.8173960518428379,1.7112003099927462,0.6352986759350563,2.336899355462503,-1.544021437827458,-0.33428317582005407,-0.514762407101416,-2.259110284234051,0.576452,0.388261,0.954329,-0.535542,0.781031,-0.178779,0.266877,,,,1,0,1,2.657318010760835,-1.5913800012655193,-0.0966880998372344,-0.4816455334975362,2.341039123501865,0.922195016293692,-2.355100316591247,2.6638138308624164,-1.5923610074057042,-0.11877432145644394,-0.48212004162031474,2.3635365590015844,0.9153779348774824,-2.3617527737034494,-0.421314,0.296602,0.820944,0.445871,0.861622,0.06361,0.23401,,,,1,0,1,0,0,,,,,0,1,0,0,,,,,0,1,0,0,,
2.0952,1788063453.2847,0.5012181547913246,1.6989499463331696,-2.324714893280259,-0.15497328727524606,-2.0063968301368598,1.3741321310741774,-0.8174000359003328,1.7112003099927462,0.6352982098818656,2.336899355462503,-1.544021437827458,-0.33428317582005407,-0.514762407101416,-2.259110284234051,0.576539,0.38813,0.954158,-0.53532,0.781305,-0.178859,0.266466,,,,1,1,1,2.657295052762819,-1.5913831238348282,-0.0965804660130071,-0.48162829163532417,2.340923195699489,0.9222254778461322,-2.3550845420812707,2.663799716108639,-1.5924089443053255,-0.1187327761434387,-0.4822191112128657,2.3635022042235225,0.9154017035902113,-2.361745316852397,-0.421315,0.296601,0.820945,0.445871,0.861622,0.06361,0.234011,,,,1,1,1,0,0,,,,,0,0,0,0,,,,,0,0,0,0,,
2.1443,1788063453.3338,0.5013076905149539,1.6989165616991815,-2.325668914825546,-0.15495551229902035,-2.006332228296041,1.3742671849080723,-0.8174686857857736,1.7111999105185827,0.6352986759350563,2.336899355462503,-1.544021437827458,-0.33428317582005407,-0.514761874469198,-2.259110284234051,0.576591,0.388008,0.953999,-0.535126,0.781568,-0.178912,0.266049,,,,1,1,1,2.657284656862071,-1.5913845378048352,-0.09653172698301749,-0.48162048413015135,2.3408707009686074,0.9222392715260331,-2.355077399026378,2.663799716108639,-1.5924089443053255,-0.1187327761434387,-0.4822191112128657,2.3635022042235225,0.9154017035902113,-2.361745316852397,-0.421314,0.296602,0.820944,0.445871,0.861622,0.06361,0.234011,,,,1,1,1,0,0,,,,,0,0,0,0,,,,,0,0,0,0,,
2.196,1788063453.3855,0.5014830265421844,1.6988428023933497,-2.3292965045593066,-0.15491350658086483,-2.0025037833377843,1.3745059338683618,-0.8175947251872435,1.7111999105185827,0.6352986759350563,2.336899355462503,-1.544021437827458,-0.33428317582005407,-0.514761874469198,-2.259110284234051,0.576591,0.388008,0.953999,-0.535126,0.781568,-0.178912,0.266049,,,,1,1,1,2.6572555038366534,-1.5913776248051947,-0.09639009994808743,-0.481623547526713,2.340711087923155,0.9222680537552368,-2.3550440463169022,2.6635134262914555,-1.59255541816528,-0.11718867534341076,-0.48224148176602233,2.361698711533321,0.9158545741335793,-2.361440917539801,-0.421314,0.296602,0.820944,0.445871,0.861622,0.06361,0.234011,,,,1,1,0,0,0,,,,,0,0,0,0,,,,,0,0,0,0,,
2.2424,1788063453.4318,0.5018209355546102,1.6986927434344943,-2.3379476154742704,-0.15482576194832562,-1.991632700502871,1.3749417812790963,-0.8178297072131793,1.7111999105185827,0.6352986759350563,2.336899355462503,-1.544021437827458,-0.33428317582005407,-0.514762407101416,-2.259110284234051,0.576446,0.38788,0.95385,-0.535021,0.781873,-0.178834,0.265416,,,,1,1,1,2.6572205194644165,-1.59136932902974,-0.09622014390277829,-0.4816272236805284,2.340519548207604,0.9223025931625826,-2.355004022216944,2.6635134262914555,-1.59255541816528,-0.11718867534341076,-0.48224148176602233,2.361698711533321,0.9158545741335793,-2.361440917539801,-0.421314,0.296603,0.820944,0.445871,0.861622,0.06361,0.234011,,,,1,1,1,0,0,,,,,0,0,0,0,,,,,0,0,0,0,,
2.2911,1788063453.4806,0.5018147505831981,1.698695933860128,-2.3377082657984904,-0.15481897810156894,-1.9921413024515315,1.3749252245837638,-0.8178179070332449,1.7111999105185827,0.6352986759350563,2.336899355462503,-1.544021437827458,-0.33428317582005407,-0.514762407101416,-2.259110284234051,0.576446,0.38788,0.95385,-0.535021,0.781873,-0.178834,0.265416,,,,1,1,0,2.657201779167698,-1.5913641404746066,-0.09612890699258485,-0.4816309789441448,2.3404162072266783,0.922320382355715,-2.3549816427609405,2.663383996662478,-1.592621464560314,-0.11685524757493285,-0.4822420143982404,2.3612590236373485,0.9159724855908425,-2.361365816397061,-0.421314,0.296602,0.820944,0.445871,0.861622,0.06361,0.234011,,,,1,1,1,0,0,,,,,0,0,0,0,,,,,0,0,0,0,,
2.3427,1788063453.5321,0.5018032207086993,1.6987018813746275,-2.337262075907017,-0.15480633181809994,-1.993089425934617,1.3748943599917416,-0.8177959094224809,1.7112003099927462,0.6352982098818656,2.336899355462503,-1.544021437827458,-0.33428317582005407,-0.514762407101416,-2.259110284234051,0.576517,0.388114,0.954141,-0.535312,0.781339,-0.17885,0.266389,,,,1,1,1,2.6571822252649806,-1.5913587266594549,-0.09603370905132677,-0.4816348972417329,2.34030837971903,0.9223389438628863,-2.354958291705611,2.6632361912219786,-1.592687510955348,-0.11677854853553857,-0.48226598284805106,2.3611106855646313,0.916045789099847,-2.361263817327311,-0.421314,0.296602,0.820944,0.445871,0.861622,0.06361,0.234011,,,,1,1,1,0,0,,,,,0,0,0,0,,,,,0,0,0,0,,
2.3957,1788063453.5851,0.5018328093519115,1.6986790406426373,-2.3360064016491697,-0.154797391559528,-1.9951925052125783,1.3749132683768104,-0.8178160202352279,1.7112003099927462,0.6352982098818656,2.336899355462503,-1.544021437827458,-0.33428317582005407,-0.514762407101416,-2.259110284234051,0.576517,0.388114,0.954141,-0.535312,0.781339,-0.17885,0.266389,,,,1,0,1,2.657156170599728,-1.5913568513613394,-0.09590921616949763,-0.4816278330687791,2.3401707886256613,0.9223685429832583,-2.3549337808974933,2.6632361912219786,-1.592687510955348,-0.11677854853553857,-0.48226598284805106,2.3611106855646313,0.916045789099847,-2.361263817327311,-0.421314,0.296602,0.820944,0.445871,0.861622,0.06361,0.234011,,,,1,0,0,0,0,,,,,0,0,0,0,,,,,0,0,0,0,,
2.4426,1788063453.632,0.5018732288770316,1.6986506444131078,-2.3351798314352057,-0.1548005027158537,-1.9963861129184763,1.3749614204722018,-0.817856945897738,1.7112003099927462,0.6352986759350563,2.336899355462503,-1.544021437827458,-0.33428317582005407,-0.514762407101416,-2.259110284234051,0.576489,0.388129,0.954155,-0.53534,0.78133,-0.17881,0.266386,,,,1,1,1,2.657143032787377,-1.5913584765994326,-0.09584757544973838,-0.4816183547767685,2.3401043395948307,0.9223858117876632,-2.3549246016093064,2.663119012134015,-1.592723729946173,-0.11617401096809057,-0.4823117892188004,2.360563672276729,0.9162531161907097,-2.3610899129081284,-0.421315,0.296601,0.820945,0.445871,0.861622,0.063611,0.234011,,,,1,1,1,0,0,,,,,0,0,0,0,,,,,0,0,0,0,,
2.4916,1788063453.681,0.5019923790145701,1.698598246076898,-2.337866389230576,-0.15476886986830832,-1.9929599687888475,1.3751136866311438,-0.8179381551307173,1.7111999105185827,0.6352986759350563,2.336899355462503,-1.544021437827458,-0.33428317582005407,-0.514762407101416,-2.259110284234051,0.57644,0.388038,0.954039,-0.535234,0.781556,-0.178776,0.26596,,,,1,1,1,2.6571248396442133,-1.5913607272168502,-0.09576221584729483,-0.48160522930969046,2.340012321479587,0.9224097254973738,-2.354911890200462,2.662846304438391,-1.5927487636604198,-0.11558598499940108,-0.4823948798448109,2.359958602077063,0.9163768200233439,-2.3609594180147147,-0.421315,0.296601,0.820945,0.445871,0.861622,0.063611,0.234011,,,,1,1,1,0,0,,,,,0,0,0,0,,,,,0,0,0,0,,
2.5636,1788063453.7531,0.5020893389264246,1.698559566808237,-2.340389951083179,-0.15473576471590592,-1.9890669996369563,1.3752370891212689,-0.8179979483981267,1.7111999105185827,0.6352986759350563,2.336899355462503,-1.544021437827458,-0.33428317582005407,-0.514762407101416,-2.259110284234051,0.576447,0.387935,0.953919,-0.535098,0.781754,-0.178819,0.26562,,,,1,0,1,2.6571248396442133,-1.5913607272168502,-0.09576221584729483,-0.48160522930969046,2.340012321479587,0.9224097254973738,-2.354911890200462,2.662846304438391,-1.5927487636604198,-0.11558598499940108,-0.4823948798448109,2.359958602077063,0.9163768200233439,-2.3609594180147147,-0.421315,0.296601,0.820945,0.445871,0.861622,0.063611,0.234011,,,,1,0,0,0,0,,,,,0,1,0,0,,,,,0,1,0,0,,
2.5916,1788063453.781,0.5022067324384711,1.698516268057732,-2.342484462805586,-0.15467832993804562,-1.9857504287984336,1.3753730791679983,-0.8180548287306169,1.7112003099927462,0.6352986759350563,2.336899621778612,-1.544021437827458,-0.33428317582005407,-0.514762407101416,-2.259110284234051,0.576699,0.388206,0.954258,-0.535364,0.781064,-0.178993,0.266996,,,,1,1,1,2.6571248396442133,-1.5913607272168502,-0.09576221584729483,-0.48160522930969046,2.340012321479587,0.9224097254973738,-2.354911890200462,2.662782921204447,-1.5927998963533492,-0.11522539298780435,-0.4824598609754088,2.3595980100654663,0.9165099780778478,-2.360847298932822,-0.421314,0.296602,0.820944,0.445871,0.861622,0.06361,0.234011,,,,1,1,1,0,0,,,,,0,0,0,0,,,,,0,0,0,0,,
2.6416,1788063453.831,0.5022878079080577,1.6984785068793553,-2.3432687108184727,-0.15465325166177546,-1.9863489357953013,1.3754670186067484,-0.8181057831917498,1.7112003099927462,0.6352982098818656,2.336899355462503,-1.544021437827458,-0.33428317582005407,-0.514762407101416,-2.259110284234051,0.576604,0.388124,0.954153,-0.53529,0.781285,-0.17892,0.266545,,,,1,1,1,2.6571248396442133,-1.5913607272168502,-0.09576221584729483,-0.48160522930969046,2.340012321479587,0.9224097254973738,-2.354911890200462,2.662528056688126,-1.5929751323530765,-0.11457717957847907,-0.4825727790056282,2.358888543951069,0.916709781738631,-2.360664606082043,-0.421314,0.296602,0.820944,0.445871,0.861622,0.06361,0.234011,,,,1,1,1,0,0,,,,,0,0,0,0,,,,,0,0,0,0,,
2.6911,1788063453.8805,0.5023532931451555,1.6984450289883346,-2.3445212444798758,-0.15464421215645682,-1.9864502118910539,1.3755497008160538,-0.8181560954351036,1.7112003099927462,0.6352982098818656,2.336899355462503,-1.544021437827458,-0.33428317582005407,-0.514762407101416,-2.259110284234051,0.576604,0.388124,0.954153,-0.53529,0.781285,-0.17892,0.266545,,,,1,0,1,2.6571117856164004,-1.5913588546223287,-0.09569941838120416,-0.48160383899287373,2.3399423386900393,0.9224237044451884,-2.35489848228257,2.662528056688126,-1.5929751323530765,-0.11457717957847907,-0.4825727790056282,2.358888543951069,0.916709781738631,-2.360664606082043,-0.421314,0.296602,0.820944,0.445871,0.861622,0.06361,0.234011,,,,1,0,1,0,0,,,,,0,0,0,0,,,,,0,0,0,0,,
2.7414,1788063453.9308,0.5025013942549127,1.69838327183372,-2.347083447748686,-0.15459311270727666,-1.9839961988331516,1.3757289567013202,-0.8182440556566009,1.7112003099927462,0.6352982098818656,2.336899355462503,-1.544021437827458,-0.33428317582005407,-0.514762407101416,-2.259110284234051,0.576604,0.388124,0.954153,-0.53529,0.781285,-0.17892,0.266545,,,,1,1,0,2.657026866388887,-1.5913466729966654,-0.09529090750726335,-0.48159479468626043,2.33948708575869,0.9225146404740445,-2.3548112609248153,2.6624353786821917,-1.5930070902861575,-0.11412604008981964,-0.482633499078482,2.3583367369732047,0.9169228346258373,-2.360495229036714,-0.421314,0.296602,0.820944,0.445871,0.861622,0.06361,0.234011,,,,1,1,1,0,0,,,,,0,0,0,0,,,,,0,0,0,0,,
2.7966,1788063453.986,0.5027100785122331,1.6982849811900882,-2.350683257715102,-0.15453573489298333,-1.9787497820484967,1.3759823096624297,-0.8183846894987998,1.7112003099927462,0.6352982098818656,2.336899355462503,-1.544021437827458,-0.33428317582005407,-0.514762407101416,-2.259110284234051,0.576344,0.387981,0.953971,-0.535199,0.781712,-0.178702,0.26562,,,,1,1,1,2.6569915726773075,-1.5913416101293347,-0.09512112422750407,-0.48159103573603923,2.339297875774978,0.9225524348589982,-2.3547750104131904,2.662249490038104,-1.5930177429305177,-0.11339313815782984,-0.4826601306893828,2.357641385612585,0.9171083903747886,-2.360253680325844,-0.421314,0.296602,0.820944,0.445871,0.861622,0.06361,0.234011,,,,1,1,0,0,0,,,,,0,0,0,0,,,,,0,0,0,0,,
2.8412,1788063454.0306,0.5027100785122331,1.6982849811900882,-2.350683257715102,-0.15453573489298333,-1.9787497820484967,1.3759823096624297,-0.8183846894987998,1.7112003099927462,0.6352986759350563,2.336899355462503,-1.544021437827458,-0.33428317582005407,-0.514762407101416,-2.259110284234051,0.576526,0.388119,0.954145,-0.535313,0.781336,-0.178842,0.266402,,,,1,1,1,2.6569634956917354,-1.5913375934869554,-0.09498607052274816,-0.4815880622576916,2.339147393186769,0.9225825054202689,-2.354746202786407,2.662249490038104,-1.5930177429305177,-0.11339313815782984,-0.4826601306893828,2.357641385612585,0.9171083903747886,-2.360253680325844,-0.421314,0.296602,0.820944,0.445871,0.861622,0.06361,0.234012,,,,1,1,1,0,0,,,,,0,0,0,0,,,,,0,0,0,0,,
2.8917,1788063454.0812,0.5027100785122331,1.6982849811900882,-2.350683257715102,-0.15453573489298333,-1.9787497820484967,1.3759823096624297,-0.8183846894987998,1.7112003099927462,0.6352986759350563,2.336899355462503,-1.544021437827458,-0.33428317582005407,-0.514762407101416,-2.259110284234051,0.576571,0.388151,0.954186,-0.535338,0.781248,-0.178876,0.266588,,,,1,0,1,2.6569126834995203,-1.5913301821196397,-0.09478440128561649,-0.4815825729552132,2.33895476392631,0.9226366024915875,-2.354694303914613,2.662249490038104,-1.5930177429305177,-0.11339313815782984,-0.4826601306893828,2.357641385612585,0.9171083903747886,-2.360253680325844,-0.421314,0.296602,0.820944,0.445871,0.861622,0.06361,0.234012,,,,1,0,1,0,0,,,,,0,0,0,0,,,,,0,0,0,0,,
2.9428,1788063454.1322,0.5028741403903603,1.6982089284895259,-2.353001212221877,-0.1544983468197102,-1.9773255243156385,1.376182412727597,-0.8184963074694867,1.7111999105185827,0.6352986759350563,2.336899355462503,-1.544021437827458,-0.33428317582005407,-0.514762407101416,-2.259110284234051,0.576507,0.388106,0.95413,-0.535304,0.78137,-0.178827,0.266329,,,,1,1,1,2.6568624438052155,-1.591323332720222,-0.09451552255458243,-0.48157677690349127,2.3386348228089124,0.9226909325144882,-2.354642700196344,2.6619632002209204,-1.5930411787481105,-0.11256542769103321,-0.48268889282915567,2.3568166046229875,0.917330964062892,-2.360028110581514,-0.421314,0.296602,0.820944,0.445871,0.861622,0.06361,0.234012,,,,1,1,1,0,0,,,,,0,0,0,0,,,,,0,0,0,0,,
2.9963,1788063454.1858,0.503000594996639,1.6981502507774815,-2.3547702210796184,-0.15446810380195466,-1.9759315132338602,1.3763358701072383,-0.8185816021720128,1.7111999105185827,0.6352986759350563,2.336899355462503,-1.544021437827458,-0.33428317582005407,-0.514761874469198,-2.259110284234051,0.576507,0.388106,0.95413,-0.535304,0.78137,-0.178827,0.266329,,,,1,1,0,2.656833314402552,-1.5913193613801015,-0.09435962437621281,-0.4815734163033363,2.3384493182240167,0.9227224335245102,-2.354612779920968,2.6617570715525485,-1.593060353507959,-0.11220004198947434,-0.4827112633823123,2.356393162009665,0.9174622579046329,-2.359920785189584,-0.421314,0.296597,0.820942,0.445857,0.861625,0.063605,0.234024,,,,1,1,1,0,0,,,,,0,0,0,0,,,,,0,0,0,0,,
3.0444,1788063454.2339,0.5030970960194366,1.6981049673588464,-2.35627442177142,-0.1544459829459102,-1.9744027107474484,1.3764533544217747,-0.818647348551854,1.7111999105185827,0.6352986759350563,2.336899355462503,-1.544021437827458,-0.33428317582005407,-0.514761874469198,-2.259110284234051,0.576507,0.388106,0.95413,-0.535304,0.78137,-0.178827,0.266329,,,,1,0,1,2.656827772488839,-1.5913185935403358,-0.09433295429635033,-0.48157278235505735,2.3384196022614847,0.9227283991997012,-2.354607108123366,2.6617570715525485,-1.593060353507959,-0.11220004198947434,-0.4827112633823123,2.356393162009665,0.9174622579046329,-2.359920785189584,-0.421314,0.296597,0.820942,0.445857,0.861625,0.063605,0.234024,,,,1,0,1,0,0,,,,,0,1,0,0,,,,,0,1,0,0,,
3.0912,1788063454.2806,0.5032118372203263,1.6980498816922207,-2.3584426625587644,-0.1544220407584431,-1.9714400320437244,1.3765939726532201,-0.818727136285391,1.7111999105185827,0.6352986759350563,2.336899355462503,-1.544021437827458,-0.33428317582005407,-0.514761874469198,-2.259110284234051,0.576412,0.388026,0.954033,-0.535239,0.781576,-0.178758,0.265902,,,,1,1,1,2.6567451152416637,-1.5913139971900452,-0.09395636036756869,-0.4815469912340174,2.3380190266629532,0.9228238938095676,-2.354531037822994,2.6616580019599976,-1.593091778808822,-0.11172759721209428,-0.4827916908472327,2.3557747760045484,0.9176677207827325,-2.3596856280653298,-0.421314,0.296601,0.820944,0.44587,0.861621,0.063611,0.234012,,,,1,1,1,0,0,,,,,0,0,0,0,,,,,0,0,0,0,,
3.1422,1788063454.3316,0.5032276853199964,1.6980459851374083,-2.358643534743966,-0.15441083469077657,-1.9712376516664112,1.3766120232130015,-0.8187318774821962,1.7112003099927462,0.6352982098818656,2.336899355462503,-1.544021437827458,-0.33428317582005407,-0.514762407101416,-2.259110284234051,0.576504,0.388107,0.954135,-0.53531,0.781364,-0.178824,0.266336,,,,1,1,1,2.6566906422815366,-1.591299986065943,-0.09370189092615346,-0.4815559206463115,2.3377383402662373,0.9228763081535902,-2.3544673959047557,2.6616580019599976,-1.593091778808822,-0.11172759721209428,-0.4827916908472327,2.3557747760045484,0.9176677207827325,-2.3596856280653298,-0.421314,0.296601,0.820943,0.445867,0.861622,0.063609,0.234015,,,,1,1,1,0,0,,,,,0,0,0,0,,,,,0,0,0,0,,
3.2011,1788063454.3906,0.5033063222038512,1.6980266507733777,-2.359640244950619,-0.15435523116354616,-1.9702334579424665,1.3767015885112124,-0.8187554028858893,1.7112003099927462,0.6352982098818656,2.336899355462503,-1.544021437827458,-0.33428317582005407,-0.514762407101416,-2.259110284234051,0.576505,0.388107,0.954134,-0.535309,0.781365,-0.178824,0.266335,,,,1,1,1,2.6566511044449395,-1.5912941729879353,-0.0934827459375045,-0.48155251153178424,2.3374723267294417,0.9229186333602805,-2.35442636370607,2.6615560028902476,-1.5931168125230688,-0.11131693777200406,-0.48295520893816357,2.3553401481146476,0.9178389620408246,-2.3595173162844367,-0.421314,0.296598,0.820942,0.445862,0.861624,0.063607,0.234021,,,,1,1,1,0,0,,,,,0,0,0,0,,,,,0,0,0,0,,
3.2417,1788063454.4312,0.5034575666015273,1.697971054054534,-2.3617888334833093,-0.15428828380442103,-1.9680597665568813,1.3768804344748102,-0.8188320591137682,1.7112003099927462,0.6352986759350563,2.336899355462503,-1.544021437827458,-0.33428317582005407,-0.514762407101416,-2.259110284234051,0.576506,0.388106,0.954132,-0.535306,0.781368,-0.178826,0.266332,,,,1,1,1,2.656588042979371,-1.5912975052302476,-0.09319135329449411,-0.4815166944175972,2.337161982516365,0.9229984085156067,-2.3543767124043686,2.661332829990899,-1.5931450420306235,-0.11068310543256521,-0.48296213315699776,2.354789406401219,0.9179759816789091,-2.3593727066372456,-0.421314,0.296598,0.820942,0.445862,0.861624,0.063607,0.234021,,,,1,1,0,0,0,,,,,0,0,0,0,,,,,0,0,0,0,,
3.2914,1788063454.4808,0.5035926139384778,1.6979162490703539,-2.3642803919398427,-0.1542471571578993,-1.9654822145374875,1.3770443807617323,-0.8189117134783792,1.7112003099927462,0.6352982098818656,2.336899355462503,-1.544021437827458,-0.33428317582005407,-0.514762407101416,-2.259110284234051,0.576506,0.388106,0.954132,-0.535306,0.781368,-0.178826,0.266332,,,,1,1,1,2.656535505383097,-1.5912914326231928,-0.09295688048270723,-0.48150843766624857,2.336908744548337,0.9230552283136708,-2.3543235862757985,2.661332829990899,-1.5931450420306235,-0.11068310543256521,-0.48296213315699776,2.354789406401219,0.9179759816789091,-2.3593727066372456,-0.421314,0.296603,0.820943,0.44587,0.861622,0.063611,0.234014,,,,1,1,1,0,0,,,,,0,0,0,0,,,,,0,0,0,0,,
3.3477,1788063454.5372,0.5036828672780777,1.6978804653351862,-2.36589851928338,-0.15421810777565204,-1.9638138798609437,1.3771537379061167,-0.8189635604326551,1.7112003099927462,0.6352982098818656,2.336899355462503,-1.544021437827458,-0.33428317582005407,-0.514762407101416,-2.259110284234051,0.576506,0.388106,0.954132,-0.535306,0.781368,-0.178826,0.266332,,,,1,1,0,2.6565268557610535,-1.5912900640622112,-0.09291260036195248,-0.4815078067947878,2.3368582703717284,0.9230644968411518,-2.3543146708649134,2.6610811612678864,-1.5931455746628416,-0.10978189171968239,-0.48296959000805,2.3539968496608115,0.9181985553670126,-2.3591729695554897,-0.421314,0.296603,0.820943,0.44587,0.861622,0.063611,0.234014,,,,1,1,1,0,0,,,,,0,0,0,0,,,,,0,0,0,0,,
3.4115,1788063454.6009,0.5037897030296529,1.6978448373344088,-2.3670820369487564,-0.15416300776427058,-1.9626622899144748,1.3772788310575466,-0.819011337009557,1.7112003099927462,0.6352982098818656,2.336899355462503,-1.544021437827458,-0.33428317582005407,-0.514762407101416,-2.259110284234051,0.57649,0.38812,0.954149,-0.535332,0.781346,-0.178806,0.266358,,,,1,0,1,2.656479995595485,-1.5912826497504802,-0.09267270851701993,-0.4815043889875176,2.3365848216290046,0.9231147099869002,-2.3542663707625415,2.6610811612678864,-1.5931455746628416,-0.10978189171968239,-0.48296959000805,2.3539968496608115,0.9181985553670126,-2.3591729695554897,-0.421315,0.2966,0.820941,0.445862,0.861624,0.063606,0.23402,,,,1,0,1,0,0,,,,,0,0,0,0,,,,,0,0,0,0,,
3.4507,1788063454.6401,0.503906858309857,1.697802320376451,-2.3682067238644566,-0.15411407770459007,-1.961593191775436,1.3774182215173185,-0.8190708272530811,1.7112003099927462,0.6352982098818656,2.336899355462503,-1.544021437827458,-0.33428317582005407,-0.514762407101416,-2.259110284234051,0.576486,0.388122,0.954151,-0.535336,0.781344,-0.178802,0.266358,,,,1,1,1,2.656447682871137,-1.5912775371648056,-0.0925072895739878,-0.4815020322168391,2.3363962633142874,0.9231493347799954,-2.3542330651206385,2.6608241662226937,-1.5931365199151353,-0.10888280853567164,-0.48298823213568054,2.3528895072795564,0.9185210641750211,-2.3588134428083287,-0.421314,0.296601,0.820942,0.445865,0.861623,0.063608,0.234017,,,,1,1,1,0,0,,,,,0,0,0,0,,,,,0,0,0,0,,
3.4931,1788063454.6826,0.5039908253498258,1.6977715082796765,-2.368995752685265,-0.1540801405281925,-1.9608460307733164,1.377518342924902,-0.8191141639526283,1.7112003099927462,0.6352982098818656,2.336899355462503,-1.544021437827458,-0.33428317582005407,-0.514762407101416,-2.259110284234051,0.576486,0.388122,0.954151,-0.535336,0.781344,-0.178802,0.266358,,,,1,1,0,2.656431142478333,-1.591275723548906,-0.09243609562810866,-0.4814992868030435,2.336320602473104,0.9231671659152254,-2.354216410701375,2.6606177712382126,-1.5931184104197227,-0.10833153419002524,-0.48300314583778503,2.3522796433899282,0.9187065533449452,-2.3585982593922505,-0.421314,0.296601,0.820942,0.445865,0.861623,0.063608,0.234017,,,,1,1,0,0,0,,,,,0,0,0,0,,,,,0,0,0,0,,
3.5482,1788063454.7376,0.5041382141606711,1.697717863004027,-2.3721242086818197,-0.15402296911493746,-1.957619920169061,1.3776953523141735,-0.8191905037509266,1.7111999105185827,0.6352991419882471,2.336899355462503,-1.544021970459676,-0.33428317582005407,-0.514762407101416,-2.259110284234051,0.576509,0.388094,0.954119,-0.535294,0.781383,-0.178838,0.266304,,,,1,1,1,2.656387773987781,-1.5912705552084812,-0.09224095115674609,-0.48149286942504915,2.336109125387047,0.923213962731063,-2.3541725398345363,2.6606177712382126,-1.5931184104197227,-0.10833153419002524,-0.48300314583778503,2.3522796433899282,0.9187065533449452,-2.3585982593922505,-0.421314,0.296603,0.820943,0.445869,0.861621,0.063611,0.234014,,,,1,1,1,0,0,,,,,0,1,0,0,,,,,0,1,0,0,,
3.5975,1788063454.787,0.5043323217782989,1.6976478004297784,-2.375382900012852,-0.1539452495852385,-1.9545275800198034,1.3779277171689917,-0.8192896772266915,1.7111999105185827,0.6352991419882471,2.336899355462503,-1.544021970459676,-0.33428317582005407,-0.514762407101416,-2.259110284234051,0.576511,0.388091,0.954115,-0.535291,0.781387,-0.178842,0.266298,,,,1,1,1,2.6563499010518896,-1.5912652938069172,-0.09205518774944646,-0.4814886794624141,2.3359007325234433,0.923254909291185,-2.354133859879073,2.660342400381498,-1.5930821914288977,-0.10713897065388775,-0.4830169942754534,2.3512913443094,0.9190081563383966,-2.358321556954991,-0.421314,0.296601,0.820942,0.445865,0.861623,0.063608,0.234018,,,,1,1,1,0,0,,,,,0,0,0,0,,,,,0,0,0,0,,
3.6409,1788063454.8304,0.504442596923675,1.6976084418294104,-2.376658000656268,-0.1538996091571712,-1.953075762241336,1.3780587637804045,-0.8193449983894813,1.7111999105185827,0.6352986759350563,2.336899355462503,-1.544021437827458,-0.33428317582005407,-0.514762407101416,-2.259110284234051,0.576443,0.388107,0.954132,-0.535335,0.781393,-0.178765,0.26624,,,,1,1,1,2.6563233080509074,-1.591261599441702,-0.09192475142713841,-0.48148573742272677,2.3357544066182565,0.923283660479544,-2.3541067002182388,2.6599437251663134,-1.592961816547626,-0.10627450856404803,-0.48302232059763356,2.3502724188763358,0.919340119368275,-2.3580227502806843,-0.421314,0.2966,0.820942,0.445864,0.861623,0.063608,0.234019,,,,1,1,1,0,0,,,,,0,0,0,0,,,,,0,0,0,0,,
3.6916,1788063454.881,0.5045032400237552,1.6975867975365557,-2.3773592108488932,-0.15387451032789695,-1.9522773708129,1.3781308296366224,-0.8193754209003759,1.7112003099927462,0.6352982098818656,2.336899355462503,-1.544021437827458,-0.33428317582005407,-0.514762407101416,-2.259110284234051,0.576478,0.38811,0.954137,-0.535328,0.781365,-0.178802,0.266312,,,,1,1,1,2.6563226725796802,-1.5912606439947112,-0.09191327797697289,-0.4814874514873838,2.3357379420624373,0.92328381751683,-2.3541056822797914,2.6599437251663134,-1.592961816547626,-0.10627450856404803,-0.48302232059763356,2.3502724188763358,0.919340119368275,-2.3580227502806843,-0.421314,0.296601,0.820942,0.445865,0.861623,0.063608,0.234018,,,,1,1,1,0,0,,,,,0,0,0,0,,,,,0,0,0,0,,
3.7463,1788063454.9357,0.5045304914679173,1.6975770451614929,-2.377791161277708,-0.1538634295687743,-1.9518579024067626,1.378163198280658,-0.819389178557765,1.7112003099927462,0.6352982098818656,2.336899355462503,-1.544021437827458,-0.33428317582005407,-0.514762407101416,-2.259110284234051,0.576487,0.388111,0.954139,-0.535326,0.781358,-0.178811,0.266331,,,,1,1,1,2.656319855087342,-1.5912598626950185,-0.09189664547383676,-0.4814879599001678,2.3357180634254653,0.9232865622976171,-2.354102646784806,2.6597820712881455,-1.5928776606571795,-0.10528541053519261,-0.48302551639094166,2.3492593523976697,0.9196284065562761,-2.357766820499928,-0.421314,0.296602,0.820943,0.445868,0.861622,0.063611,0.234015,,,,1,1,1,0,0,,,,,0,0,0,0,,,,,0,0,0,0,,
3.7954,1788063454.9849,0.504720029734026,1.697509215792565,-2.38079544739318,-0.15378636107072371,-1.948940430807311,1.3783883275116204,-0.8194848653225385,1.7112003099927462,0.6352991419882471,2.336899355462503,-1.544021437827458,-0.33428317582005407,-0.514762407101416,-2.259110284234051,0.576487,0.388111,0.954139,-0.535326,0.781358,-0.178811,0.266331,,,,1,1,1,2.656256169556256,-1.59125146808312,-0.09159979786843786,-0.4814802387029087,2.3353916258850367,0.9233549381685636,-2.354037919580858,2.6597820712881455,-1.5928776606571795,-0.10528541053519261,-0.48302551639094166,2.3492593523976697,0.9196284065562761,-2.357766820499928,-0.421314,0.296602,0.820943,0.445868,0.861622,0.063611,0.234015,,,,1,1,1,0,0,,,,,0,0,0,0,,,,,0,0,0,0,,
3.8437,1788063455.0332,0.504867813992885,1.6974575094188433,-2.3829692569441585,-0.1537261686315946,-1.946653985642246,1.3785646186480125,-0.8195579890643893,1.7112003099927462,0.6352991419882471,2.336899355462503,-1.544021437827458,-0.33428317582005407,-0.514762407101416,-2.259110284234051,0.57646,0.388108,0.954134,-0.535332,0.78138,-0.178783,0.266275,,,,1,1,1,2.6561961352707257,-1.5912470710546207,-0.09130257531561378,-0.4814642372836403,2.335059507345101,0.923423738390937,-2.3539819255345007,2.659556235227707,-1.592823332170942,-0.10427660511427059,-0.48302764691981376,2.3482185890436664,0.9198975855634559,-2.357550838135522,-0.421314,0.296602,0.820943,0.445868,0.861622,0.063611,0.234015,,,,1,1,0,0,0,,,,,0,0,0,0,,,,,0,0,0,0,,
3.8911,1788063455.0805,0.5050141095608724,1.6974067904264154,-2.3852125756208613,-0.1536668245499398,-1.9442681106984754,1.3787395796815862,-0.8196298957589958,1.7111999105185827,0.6352986759350563,2.336899355462503,-1.544021437827458,-0.33428317582005407,-0.514762407101416,-2.259110284234051,0.57646,0.388108,0.954134,-0.535332,0.78138,-0.178783,0.266275,,,,1,1,0,2.6561444921579738,-1.5912569850677962,-0.09105709457367439,-0.481418439915175,2.334796677936002,0.9234959740194754,-2.353949672497194,2.659556235227707,-1.592823332170942,-0.10427660511427059,-0.48302764691981376,2.3482185890436664,0.9198975855634559,-2.357550838135522,-0.421314,0.2966,0.820942,0.445865,0.861623,0.063608,0.234018,,,,1,1,1,0,0,,,,,0,0,0,0,,,,,0,0,0,0,,
3.9409,1788063455.1303,0.505128501943242,1.6973547926729373,-2.3871913828043256,-0.15364738125610886,-1.9424096225077858,1.3788808948742313,-0.819707201486365,1.7111999105185827,0.6352986759350563,2.336899355462503,-1.544021437827458,-0.33428317582005407,-0.514762407101416,-2.259110284234051,0.57647,0.388122,0.954151,-0.535346,0.781346,-0.17879,0.26634,,,,1,1,1,2.6561155363983637,-1.5912458585877374,-0.09091896992225561,-0.4814325484525593,2.3346397466608733,0.9235197959241529,-2.35391068816336,2.6590960409913413,-1.5927780584324107,-0.10315062060538509,-0.4830292448164678,2.346986610723396,0.9202438630841934,-2.357174267157385,-0.421314,0.296604,0.820942,0.445868,0.861622,0.06361,0.234016,,,,1,1,1,0,0,,,,,0,0,0,0,,,,,0,0,0,0,,
3.9911,1788063455.1805,0.5052964687552399,1.6972856834946177,-2.390264924059026,-0.1536055609599495,-1.9390565874146182,1.3790864495365263,-0.8198089081560109,1.7112003099927462,0.6352986759350563,2.336899355462503,-1.544021437827458,-0.33428317582005407,-0.514762407101416,-2.259110284234051,0.576445,0.388113,0.95414,-0.535344,0.781377,-0.178768,0.266269,,,,1,1,1,2.6560670404858535,-1.591227223649102,-0.09068763490977805,-0.48145617782384315,2.3343769137913086,0.9235596935134623,-2.3538453961154797,2.6590960409913413,-1.5927780584324107,-0.10315062060538509,-0.4830292448164678,2.346986610723396,0.9202438630841934,-2.357174267157385,-0.421314,0.296604,0.820942,0.445868,0.861622,0.06361,0.234016,,,,1,1,1,0,0,,,,,0,0,0,0,,,,,0,0,0,0,,
4.0417,1788063455.2311,0.5052964687552399,1.6972856834946177,-2.390264924059026,-0.1536055609599495,-1.9390565874146182,1.3790864495365263,-0.8198089081560109,1.7112003099927462,0.6352986759350563,2.336899355462503,-1.544021437827458,-0.33428317582005407,-0.514762407101416,-2.259110284234051,0.576451,0.388149,0.954184,-0.535388,0.781303,-0.17876,0.266403,,,,1,1,1,2.6560670404858535,-1.591227223649102,-0.09068763490977805,-0.48145617782384315,2.3343769137913086,0.9235596935134623,-2.3538453961154797,2.6588968365418033,-1.5927439699704575,-0.1017093178234342,-0.48303084271312186,2.345584456409469,0.9206063193085532,-2.356860280464865,-0.421314,0.296601,0.820942,0.445865,0.861623,0.06361,0.234018,,,,1,1,1,0,0,,,,,0,1,0,0,,,,,0,1,0,0,,
4.1128,1788063455.3023,0.5054145217979039,1.6972393986511674,-2.3920620681776414,-0.15357286453776867,-1.937361156591745,1.3792308037694128,-0.8198769171173726,1.7112003099927462,0.6352986759350563,2.336899355462503,-1.544021437827458,-0.33428317582005407,-0.514762407101416,-2.259110284234051,0.576451,0.388149,0.954184,-0.535388,0.781303,-0.17876,0.266403,,,,1,1,1,2.6560535254889217,-1.5912294005609309,-0.09062101801805035,-0.4814447701532699,2.3343040607993837,0.9235785049741417,-2.3538374303741763,2.6588968365418033,-1.5927439699704575,-0.1017093178234342,-0.48303084271312186,2.345584456409469,0.9206063193085532,-2.356860280464865,-0.421314,0.296601,0.820942,0.445865,0.861623,0.06361,0.234018,,,,1,1,1,0,0,,,,,0,0,0,0,,,,,0,0,0,0,,
4.1445,1788063455.3339,0.5055819831381374,1.6971801618965983,-2.3939178779356336,-0.15351422674741788,-1.9356200909516348,1.3794346089766294,-0.8199635220030116,1.7112003099927462,0.6352986759350563,2.336899355462503,-1.544021437827458,-0.33428317582005407,-0.514762407101416,-2.259110284234051,0.576435,0.388139,0.954173,-0.535383,0.781328,-0.178747,0.266347,,,,1,1,1,2.6560362273783964,-1.5912321868332187,-0.09053575374742114,-0.4814301692512197,2.3342108148213967,0.9236025821328427,-2.35382723486513,2.6586662067914024,-1.592724795210609,-0.1010035801345632,-0.48303190797755785,2.34473863644726,0.9208802920056951,-2.3566150033284683,-0.421314,0.296602,0.820942,0.445866,0.861622,0.06361,0.234018,,,,1,1,1,0,0,,,,,0,0,0,0,,,,,0,0,0,0,,
4.2064,1788063455.3959,0.5057234522428224,1.6971373726437313,-2.3964559271195163,-0.1534443041525776,-1.9328168114625488,1.3795993297908151,-0.8200220182400298,1.7112003099927462,0.6352982098818656,2.336899355462503,-1.544021437827458,-0.33428317582005407,-0.514762407101416,-2.259110284234051,0.576445,0.388124,0.954157,-0.535364,0.781345,-0.178768,0.266322,,,,1,1,1,2.656003674289889,-1.5912270724087463,-0.09038089519231125,-0.4814284241203305,2.334039051473067,0.9236366807389832,-2.3537928591665582,2.658353551679427,-1.5926928372775282,-0.10011408433047674,-0.4830324406097759,2.3437455436767696,0.9210981385828636,-2.356334306149574,-0.421314,0.296603,0.820942,0.445868,0.861622,0.063611,0.234017,,,,1,1,1,0,0,,,,,0,0,0,0,,,,,0,0,0,0,,
4.2411,1788063455.4306,0.5058203083054179,1.69710534929488,-2.3983428575704155,-0.15340535909230588,-1.930874713343652,1.3797148065510374,-0.8200675679520313,1.7112003099927462,0.6352991419882471,2.336899355462503,-1.544021437827458,-0.33428317582005407,-0.514762407101416,-2.259110284234051,0.576445,0.388124,0.954157,-0.535364,0.781345,-0.178768,0.266322,,,,1,1,1,2.6559608141250366,-1.5912135673933139,-0.09017667785611563,-0.4814422931138392,2.333808735105283,0.9236748633568028,-2.353738950823186,2.658353551679427,-1.5926928372775282,-0.10011408433047674,-0.4830324406097759,2.3437455436767696,0.9210981385828636,-2.356334306149574,-0.421314,0.296603,0.820942,0.445868,0.861622,0.063611,0.234017,,,,1,1,0,0,0,,,,,0,0,0,0,,,,,0,0,0,0,,
4.2932,1788063455.4827,0.5059284945339958,1.697068706177779,-2.39989521729858,-0.15336300150105234,-1.9293323585502202,1.3798440355652941,-0.8201200297658945,1.7112003099927462,0.6352991419882471,2.336899355462503,-1.544021437827458,-0.33428317582005407,-0.514762407101416,-2.259110284234051,0.576429,0.388159,0.954196,-0.53541,0.781292,-0.178735,0.266405,,,,1,0,1,2.6559533981664845,-1.5912112306632746,-0.09014134277735186,-0.4814446928218519,2.33376888419376,0.9236814699742095,-2.3537296232333027,2.658353551679427,-1.5926928372775282,-0.10011408433047674,-0.4830324406097759,2.3437455436767696,0.9210981385828636,-2.356334306149574,-0.421314,0.2966,0.820942,0.445865,0.861622,0.06361,0.234019,,,,1,0,1,0,0,,,,,0,0,0,0,,,,,0,0,0,0,,
4.3425,1788063455.532,0.5060456125115891,1.697028470641748,-2.401115938737935,-0.15331760255029922,-1.928174425911021,1.379983977097075,-0.8201778183003372,1.7111999105185827,0.6352982098818656,2.336899355462503,-1.544021437827458,-0.33428317582005407,-0.514762407101416,-2.259110284234051,0.576429,0.388159,0.954196,-0.53541,0.781292,-0.178735,0.266405,,,,1,1,0,2.6559402121953686,-1.5912110676241393,-0.09007723304924684,-0.4814392352149243,2.33369800664555,0.9236974253085642,-2.353718461159455,2.658353551679427,-1.5926928372775282,-0.10011408433047674,-0.4830324406097759,2.3437455436767696,0.9210981385828636,-2.356334306149574,-0.421314,0.2966,0.820942,0.445865,0.861622,0.06361,0.234019,,,,1,1,0,0,0,,,,,0,0,0,0,,,,,0,0,0,0,,
