t,phase,master_x,master_y,master_z,master_qx,master_qy,master_qz,master_qw,pointing_x,pointing_y,pointing_z,clutch,ee_x,ee_y,ee_z,ee_qx,ee_qy,ee_qz,ee_qw,cmd_x,cmd_y,cmd_z,gripper_rad,autonomy_state,intent_top,intent_top_p,intent_margin,intent_ambiguous,intent_dist,intent_ids,grasp_offered,channels_live,ik_success,ik_fail,ik_rejected,clearance_m,payload_kg,estop,joints_left,joints_right,ee_r_x,ee_r_y,ee_r_z,ee_r_qx,ee_r_qy,ee_r_qz,ee_r_qw,cmd_r_x,cmd_r_y,cmd_r_z,gripper_rad_right,clearance_left_m,clearance_right_m,clearance_source,ik_success_right,ik_fail_right,ik_rejected_right,vr_ctrl_left,vr_ctrl_right,autonomy_cmd,autonomy_blend,voice_utterance,voice_parse,master_joints,objects
0.0008,reach,,,,,,,,,,,,0.23920006144677117,0.4408997345301674,1.6228996047918498,-0.08960417580031012,0.4860209347647195,0.8693356671925506,0.003200061946034389,0.2392,0.4409,1.6229,0.0,ASSIST,,,,,,,,,9347.0,0.0,0.0,0.17348795502676048,,0,"[-3.09401, -1.81901, -1.16485, -0.49219, -2.07053, -0.32034, -0.01134]","[0.14088, 1.89461, 1.62867, 0.57279, -0.16508, -0.24687, 1.83396]",-0.23599178546403715,0.4387000476686821,1.6191967021961826,0.13349544684117143,0.5422964475749205,0.82879638645964,0.034497513124000956,-0.236,0.4387,1.6192,0.0,0.17348795502676048,0.170835946364265,sim,8043.0,0.0,1.0,,,"[0.2392, 0.4409, 1.6229]",,,,,
0.0582,reach,,,,,,,,,,,,0.23920006144677117,0.4408997345301674,1.6228996047918498,-0.08960417580031012,0.4860209347647195,0.8693356671925506,0.003200061946034389,0.24208461538461537,0.44206153846153845,1.5946076923076924,0.0,ASSIST,,,,,,,,,9348.0,0.0,0.0,0.17328252527707516,,0,"[-3.09351, -1.8204, -1.17164, -0.49225, -2.06702, -0.31869, -0.00789]","[0.14075, 1.89368, 1.62484, 0.5728, -0.16637, -0.24702, 1.8391]",-0.23599178546403715,0.4387000476686821,1.6191967021961826,0.13349544684117143,0.5422964475749205,0.82879638645964,0.034497513124000956,-0.236,0.4387,1.6192,0.0,0.17328252527707516,0.1711433898917779,sim,8044.0,0.0,1.0,,,"[0.24208461538461537, 0.44206153846153845, 1.5946076923076924]",,,,,
0.1115,reach,,,,,,,,,,,,0.23939776886989272,0.44106753192741077,1.6207433405849432,-0.08964472855012164,0.48602230896518583,0.8693306629813118,0.0032150010571080226,0.24496923076923077,0.44322307692307694,1.5663153846153846,0.0,ASSIST,,,,,,,,,9349.0,0.0,0.0,0.17328252527707516,,0,"[-3.07147, -1.8214, -1.17373, -0.51627, -2.0623, -0.32463, -0.00103]","[0.14047, 1.8918, 1.61717, 0.57285, -0.16889, -0.24732, 1.84932]",-0.23599076371932773,0.4387000804076219,1.6191961283114717,0.1334950398841484,0.5422963343175199,0.8287965304433969,0.03449740913601837,-0.236,0.4387,1.6192,0.0,0.17328252527707516,0.1711433898917779,sim,8045.0,0.0,1.0,,,"[0.24496923076923077, 0.44322307692307694, 1.5663153846153846]",,,,,
0.1679,reach,,,,,,,,,,,,0.2408964208086895,0.44211588792269685,1.6050893637732766,-0.08984625174648875,0.48606099734462455,0.8692878908544102,0.0033046514712639337,0.24785384615384615,0.4443846153846154,1.538023076923077,0.0,ASSIST,,,,,,,,,9350.0,0.0,0.0,0.17314879270268135,,0,"[-3.04238, -1.82225, -1.17188, -0.5462, -2.05318, -0.33294, 0.00075]","[0.14025, 1.89021, 1.61068, 0.57289, -0.17101, -0.24758, 1.85797]",-0.23599693316565007,0.4386965900878935,1.61919881610048,0.13349761278536892,0.5422963561443824,0.8287960372870483,0.034498957526549565,-0.236,0.4387,1.6192,0.0,0.17314879270268135,0.1714430724179696,sim,8046.0,0.0,1.0,,,"[0.24785384615384615, 0.4443846153846154, 1.538023076923077]",,,,,
0.2214,reach,,,,,,,,,,,,0.2408964208086895,0.44211588792269685,1.6050893637732766,-0.08984625174648875,0.48606099734462455,0.8692878908544102,0.0033046514712639337,0.2507384615384615,0.44554615384615387,1.5097307692307693,0.0,ASSIST,,,,,,,,,9351.0,0.0,0.0,0.17426467517163008,,0,"[-3.01459, -1.82364, -1.16968, -0.57175, -2.03743, -0.33997, -0.00475]","[0.14008, 1.88888, 1.60528, 0.5729, -0.17279, -0.2478, 1.86519]",-0.23599693316565007,0.4386965900878935,1.61919881610048,0.13349761278536892,0.5422963561443824,0.8287960372870483,0.034498957526549565,-0.236,0.4387,1.6192,0.0,0.17426467517163008,0.17165271397024554,sim,8047.0,0.0,1.0,,,"[0.2507384615384615, 0.44554615384615387, 1.5097307692307693]",,,,,
0.2782,reach,,,,,,,,,,,,0.24261917246333903,0.4435119934563819,1.5874159931604297,-0.09011503136695338,0.48621846897227977,0.8691711722821457,0.0035149431952680543,0.2536230769230769,0.4467076923076923,1.4814384615384615,0.0,ASSIST,,,,,,,,,9352.0,0.0,0.0,0.17680807680386587,,0,"[-2.97998, -1.82578, -1.16645, -0.60092, -2.01205, -0.34812, -0.01766]","[0.13988, 1.88717, 1.59832, 0.57292, -0.17509, -0.24808, 1.8745]",-0.23599718657812427,0.4386965735981986,1.6191981907881274,0.13349763561768874,0.5422965078645604,0.8287959349765911,0.03449894213838801,-0.236,0.4387,1.6192,0.0,0.17680807680386587,0.17191848453336264,sim,8048.0,0.0,1.0,,,"[0.2536230769230769, 0.4467076923076923, 1.4814384615384615]",,,,,
0.3302,reach,,,,,,,,,,,,0.24455227125863616,0.4449649187178698,1.568599023973115,-0.09026962069255294,0.48642600575080264,0.8690377992277256,0.00380000299656762,0.2565076923076923,0.4478692307692308,1.4531461538461539,0.0,ASSIST,,,,,,,,,9353.0,0.0,0.0,0.17979384408661236,,0,"[-2.94675, -1.8283, -1.16227, -0.62489, -1.97945, -0.3555, -0.03907]","[0.13974, 1.88598, 1.59348, 0.57294, -0.17668, -0.24827, 1.88096]",-0.23599713377112186,0.4386967726015164,1.6191971062111015,0.1334974804115946,0.5422967261287677,0.8287958224333362,0.034498815498885844,-0.236,0.4387,1.6192,0.0,0.17979384408661236,0.17216210232512938,sim,8049.0,0.0,1.0,,,"[0.2565076923076923, 0.4478692307692308, 1.4531461538461539]",,,,,
0.3882,reach,,,,,,,,,,,,0.2466512484301741,0.4466954481027495,1.5503325827268073,-0.09015205427934475,0.4867791825130333,0.8688493519313418,0.004408880770027352,0.2593923076923077,0.44903076923076923,1.4248538461538462,0.0,ASSIST,,,,,,,,,9354.0,0.0,0.0,0.17979384408661236,,0,"[-2.92282, -1.83022, -1.15767, -0.639, -1.95017, -0.36125, -0.06168]","[0.13958, 1.88441, 1.58711, 0.57296, -0.17876, -0.24854, 1.88947]",-0.23599675428396877,0.43869617767016933,1.6191979725260095,0.1334974971486313,0.5422963868545116,0.8287960360560402,0.03449895183027833,-0.236,0.4387,1.6192,0.0,0.17979384408661236,0.17216210232512938,sim,8050.0,0.0,1.0,,,"[0.2593923076923077, 0.44903076923076923, 1.4248538461538462]",,,,,
0.4408,reach,,,,,,,,,,,,0.2489175302963193,0.44853291444062016,1.5326709156655158,-0.08967423546590711,0.4872452437362221,0.8686323998885042,0.005325205533371119,0.2622769230769231,0.4501923076923077,1.3965615384615386,0.0,ASSIST,,,,,,,,,9355.0,0.0,0.0,0.18254764654332534,,0,"[-2.8936, -1.83245, -1.15013, -0.65366, -1.91062, -0.36933, -0.09487]","[0.13941, 1.88277, 1.58045, 0.57297, -0.18093, -0.24881, 1.89836]",-0.23599659404567952,0.4386960702379331,1.619197507775582,0.1334974069549985,0.5422964174470633,0.8287960318674518,0.03449892057931986,-0.236,0.4387,1.6192,0.0,0.18254764654332534,0.17236975697089676,sim,8051.0,0.0,1.0,,,"[0.2622769230769231, 0.4501923076923077, 1.3965615384615386]",,,,,
0.506,reach,,,,,,,,,,,,0.2489175302963193,0.44853291444062016,1.5326709156655158,-0.08967423546590711,0.4872452437362221,0.8686323998885042,0.005325205533371119,0.26516153846153845,0.45135384615384616,1.3682692307692308,0.0,ASSIST,,,,,,,,,9356.0,0.0,0.0,0.18512082104650665,,0,"[-2.87546, -1.83365, -1.14332, -0.66035, -1.88322, -0.37581, -0.12031]","[0.13928, 1.88133, 1.57462, 0.57299, -0.18282, -0.24906, 1.90614]",-0.23599659404567952,0.4386960702379331,1.619197507775582,0.1334974069549985,0.5422964174470633,0.8287960318674518,0.03449892057931986,-0.236,0.4387,1.6192,0.0,0.18512082104650665,0.17259864337486322,sim,8052.0,0.0,1.0,,,"[0.26516153846153845, 0.45135384615384616, 1.3682692307692308]",,,,,
0.5583,reach,,,,,,,,,,,,0.2512645385996399,0.4504308342106854,1.5164474455635342,-0.08875911030089756,0.48788709805404795,0.86835722279821,0.006613131268373941,0.2680461538461538,0.45251538461538465,1.3399769230769232,0.0,ASSIST,,,,,,,,,9357.0,0.0,0.0,0.18745695643663296,,0,"[-2.85223, -1.83511, -1.13342, -0.6676, -1.84783, -0.38507, -0.15423]","[0.13917, 1.88011, 1.56969, 0.573, -0.18441, -0.24927, 1.9127]",-0.23599634720508,0.43869591088430704,1.6191969971608353,0.13349728352641146,0.5422964247501781,0.8287960487689825,0.034498877360946464,-0.236,0.4387,1.6192,0.0,0.18745695643663296,0.172874585784525,sim,8053.0,0.0,1.0,,,"[0.2680461538461538, 0.45251538461538465, 1.3399769230769232]",,,,,
0.6101,reach,,,,,,,,,,,,0.2542774321321353,0.4528805482060433,1.4968166399420002,-0.08734761916215115,0.4892913939319057,0.8676885750742508,0.008992326533928464,0.27093076923076925,0.4536769230769231,1.3116846153846156,0.0,ASSIST,,,,,,,,,9358.0,0.0,0.0,0.18745695643663296,,0,"[-2.82826, -1.83649, -1.11938, -0.67073, -1.81253, -0.39802, -0.18955]","[0.13905, 1.87858, 1.56349, 0.57301, -0.18641, -0.24954, 1.92096]",-0.23599626390920456,0.43869596797055943,1.6191961259284562,0.1334971449951347,0.542296562645628,0.8287959848739119,0.03449878081565712,-0.236,0.4387,1.6192,0.0,0.18745695643663296,0.172874585784525,sim,8054.0,0.0,1.0,,,"[0.27093076923076925, 0.4536769230769231, 1.3116846153846156]",,,,,
0.668,reach,,,,,,,,,,,,0.25733684614799446,0.4558046704777129,1.4766361951965252,-0.08718364330659178,0.4913567451261058,0.8664297532008097,0.01634148485456201,0.2738153846153846,0.4548384615384616,1.2833923076923077,0.0,ASSIST,,,,,,,,,9359.0,0.0,0.0,0.1901199292713543,,0,"[-2.81007, -1.8351, -1.09307, -0.66947, -1.78891, -0.41661, -0.21899]","[0.13895, 1.87718, 1.55783, 0.57302, -0.18822, -0.24979, 1.92849]",-0.23599582607721734,0.4386954351984472,1.6191967173291757,0.13349715110647234,0.5422962683922199,0.8287961721213538,0.034498884203988826,-0.236,0.4387,1.6192,0.0,0.1901199292713543,0.1730934781580565,sim,8055.0,0.0,1.0,,,"[0.2738153846153846, 0.4548384615384616, 1.2833923076923077]",,,,,
0.7216,reach,,,,,,,,,,,,0.26109215071671177,0.45941146008078426,1.4522849698171225,-0.08740620109338865,0.49414476399954915,0.864542272772231,0.027345325232613665,0.2767,0.456,1.2551,0.0,ASSIST,,,,,,,,,9360.0,0.0,0.0,0.19267039706746705,,0,"[-2.79106, -1.83536, -1.07017, -0.66502, -1.76222, -0.43523, -0.24854]","[0.13887, 1.87602, 1.55316, 0.57303, -0.1897, -0.25, 1.93471]",-0.2359956650801392,0.43869534595174253,1.619196156865878,0.13349704471595605,0.5422963019040611,0.8287961695595853,0.03449883065619057,-0.236,0.4387,1.6192,0.0,0.19267039706746705,0.17331643209715292,sim,8056.0,0.0,1.0,,,"[0.2767, 0.456, 1.2551]",,,,,
0.7837,reach,,,,,,,,,,,,0.26109215071671177,0.45941146008078426,1.4522849698171225,-0.08740620109338865,0.49414476399954915,0.864542272772231,0.027345325232613665,0.2803090909090909,0.44034545454545454,1.230018181818182,0.0,ASSIST,,,,,,,,,9361.0,0.0,0.0,0.19538011606782485,,0,"[-2.76785, -1.83813, -1.04708, -0.65453, -1.7267, -0.4578, -0.28398]","[0.13876, 1.87426, 1.54606, 0.57304, -0.19195, -0.25032, 1.94414]",-0.2359956650801392,0.43869534595174253,1.619196156865878,0.13349704471595605,0.5422963019040611,0.8287961695595853,0.03449883065619057,-0.236,0.4387,1.6192,0.0,0.19538011606782485,0.17355418222926577,sim,8057.0,0.0,1.0,,,"[0.2803090909090909, 0.44034545454545454, 1.230018181818182]",,,,,
0.8386,reach,,,,,,,,,,,,0.26493136661005817,0.46307534107742343,1.4285242723184788,-0.08691935272561521,0.49767050447703315,0.8621438817719417,0.038432046764953785,0.28391818181818185,0.4246909090909091,1.2049363636363637,0.0,ASSIST,,,,,,,,,9362.0,0.0,0.0,0.19538011606782485,,0,"[-2.74275, -1.84042, -1.02344, -0.64636, -1.69125, -0.48157, -0.31943]","[0.13869, 1.87286, 1.54043, 0.57305, -0.19373, -0.25057, 1.95162]",-0.23599558631049625,0.4386953542822519,1.6191953504618615,0.13349691349515644,0.5422964047431652,0.8287961271429223,0.034498740887126775,-0.236,0.4387,1.6192,0.0,0.19538011606782485,0.17379658826124086,sim,8058.0,0.0,1.0,,,"[0.28391818181818185, 0.4246909090909091, 1.2049363636363637]",,,,,
0.8904,reach,,,,,,,,,,,,0.26890825413162117,0.4643816845534686,1.4052600689507,-0.08673034627247868,0.49899198199588946,0.8610227148714436,0.04609483067198294,0.28752727272727274,0.40903636363636364,1.1798545454545455,0.0,ASSIST,,,,,,,,,9363.0,0.0,0.0,0.197481829030391,,0,"[-2.71207, -1.84066, -1.00052, -0.64861, -1.65578, -0.50515, -0.3549]","[0.13863, 1.87162, 1.53542, 0.57305, -0.1953, -0.25081, 1.95827]",-0.23599544991242127,0.438695212907647,1.6191951877068167,0.1334968701242711,0.5422963649355823,0.8287961604803579,0.03449873356652639,-0.236,0.4387,1.6192,0.0,0.197481829030391,0.17379658826124086,sim,8059.0,0.0,1.0,,,"[0.28752727272727274, 0.40903636363636364, 1.1798545454545455]",,,,,
0.9481,reach,,,,,,,,,,,,0.2733061817299804,0.46339090511184644,1.379781985624183,-0.0865968935268519,0.49880586480073724,0.8608773976657303,0.05083102851770492,0.29113636363636364,0.39338181818181817,1.1547727272727273,0.0,ASSIST,,,,,,,,,9364.0,0.0,0.0,0.1995775754737277,,0,"[-2.68306, -1.83973, -0.98148, -0.65606, -1.62658, -0.52524, -0.38442]","[0.13857, 1.87028, 1.53006, 0.57306, -0.19698, -0.25105, 1.96538]",-0.23599507345441553,0.438694729384966,1.6191956651865447,0.133496901683349,0.5422961038232297,0.8287963223085514,0.03449882819620068,-0.236,0.4387,1.6192,0.0,0.1995775754737277,0.1739572173282088,sim,8060.0,0.0,1.0,,,"[0.29113636363636364, 0.39338181818181817, 1.1547727272727273]",,,,,
1.0011,reach,,,,,,,,,,,,0.2733061817299804,0.46339090511184644,1.379781985624183,-0.0865968935268519,0.49880586480073724,0.8608773976657303,0.05083102851770492,0.29474545454545453,0.37772727272727274,1.129690909090909,0.0,ASSIST,,,,,,,,,9365.0,0.0,0.0,0.20173525213962434,,0,"[-2.64544, -1.83775, -0.95743, -0.66903, -1.59111, -0.55124, -0.42202]","[0.13852, 1.86887, 1.52438, 0.57306, -0.19875, -0.25132, 1.9729]",-0.23599507345441553,0.438694729384966,1.6191956651865447,0.133496901683349,0.5422961038232297,0.8287963223085514,0.03449882819620068,-0.236,0.4387,1.6192,0.0,0.20173525213962434,0.17417995930304905,sim,8061.0,0.0,1.0,,,"[0.29474545454545453, 0.37772727272727274, 1.129690909090909]",,,,,
1.0621,reach,,,,,,,,,,,,0.27749739341469737,0.4602714720451816,1.3533924777001505,-0.08622505014895426,0.4973743450849407,0.8616330706519248,0.05265408946199617,0.2983545454545455,0.36207272727272727,1.1046090909090909,0.0,ASSIST,,,,,,,,,9366.0,0.0,0.0,0.20347698014051147,,0,"[-2.61261, -1.83538, -0.93626, -0.68258, -1.56173, -0.5747, -0.45433]","[0.13847, 1.86735, 1.51827, 0.57307, -0.20064, -0.25161, 1.981]",-0.23599497126553587,0.43869461430717893,1.6191953078836843,0.13349683890663194,0.5422960982843776,0.8287963373715871,0.03449879631117547,-0.236,0.4387,1.6192,0.0,0.20347698014051147,0.1743870799128584,sim,8062.0,0.0,1.0,,,"[0.2983545454545455, 0.36207272727272727, 1.1046090909090909]",,,,,
1.1247,reach,,,,,,,,,,,,0.28068423931112485,0.4558433387887263,1.3306370170889301,-0.08574560284688489,0.49492489242610643,0.8631174637374596,0.05220427416262304,0.3019636363636364,0.34641818181818185,1.0795272727272727,0.0,ASSIST,,,,,,,,,9367.0,0.0,0.0,0.20449303125563495,,0,"[-2.58246, -1.83288, -0.91674, -0.6957, -1.53591, -0.5968, -0.48222]","[0.13844, 1.86591, 1.51251, 0.57307, -0.20241, -0.25189, 1.98861]",-0.23599499186803638,0.43869463876571657,1.6191945869311413,0.13349672847441943,0.5422961939460023,0.8287962962746243,0.034498707218856506,-0.236,0.4387,1.6192,0.0,0.20449303125563495,0.1743870799128584,sim,8063.0,0.0,1.0,,,"[0.3019636363636364, 0.34641818181818185, 1.0795272727272727]",,,,,
1.1784,reach,,,,,,,,,,,,0.2838351172060794,0.44983214725795084,1.3065283059962325,-0.08567731243198358,0.4917634018131406,0.8649799408411888,0.051360069255926316,0.3055727272727273,0.33076363636363637,1.0544454545454545,0.0,ASSIST,,,,,,,,,9368.0,0.0,0.0,0.20449303125563495,,0,"[-2.54719, -1.82974, -0.89386, -0.711, -1.50671, -0.62324, -0.51286]","[0.13841, 1.86457, 1.50712, 0.57307, -0.20406, -0.25215, 1.99575]",-0.23599489249903663,0.4386944790778534,1.6191944365815556,0.13349669713750884,0.5422961432770445,0.8287963347817715,0.0344986998671124,-0.236,0.4387,1.6192,0.0,0.20449303125563495,0.17460893543258982,sim,8064.0,0.0,1.0,,,"[0.3055727272727273, 0.33076363636363637, 1.0544454545454545]",,,,,
1.2302,reach,,,,,,,,,,,,0.2864759243457453,0.4439211806276183,1.2860561295282855,-0.08589719799518852,0.48886265147718955,0.8666296497850827,0.05087267911809011,0.3091818181818182,0.3151090909090909,1.0293636363636363,0.0,ASSIST,,,,,,,,,9369.0,0.0,0.0,0.20522999623747065,,0,"[-2.51567, -1.82678, -0.87281, -0.72379, -1.48114, -0.64854, -0.53874]","[0.1384, 1.86321, 1.50166, 0.57308, -0.20572, -0.25242, 2.00295]",-0.23599468368664062,0.4386941480016736,1.6191945367765213,0.13349670190023244,0.5422959890464004,0.8287964334312309,0.034498735884350776,-0.236,0.4387,1.6192,0.0,0.20522999623747065,0.17479201598811742,sim,8065.0,0.0,1.0,,,"[0.3091818181818182, 0.3151090909090909, 1.0293636363636363]",,,,,
1.281,reach,,,,,,,,,,,,0.28951212993117525,0.4361733788308423,1.2621900299434419,-0.08634596492437469,0.48489002562063194,0.8688185388141471,0.05079748032877439,0.3127909090909091,0.2994545454545454,1.004281818181818,0.0,ASSIST,,,,,,,,,9370.0,0.0,0.0,0.2056843619149545,,0,"[-2.4862, -1.82405, -0.85221, -0.73425, -1.45697, -0.67427, -0.56286]","[0.13839, 1.86207, 1.49711, 0.57308, -0.2071, -0.25264, 2.00896]",-0.2359945021176837,0.4386938553952092,1.6191947034491152,0.13349672158563092,0.5422958421430014,0.8287965246675293,0.03449877707001946,-0.236,0.4387,1.6192,0.0,0.2056843619149545,0.17503357269377923,sim,8066.0,0.0,1.0,,,"[0.3127909090909091, 0.2994545454545454, 1.004281818181818]",,,,,
1.3367,reach,,,,,,,,,,,,0.28951212993117525,0.4361733788308423,1.2621900299434419,-0.08634596492437469,0.48489002562063194,0.8688185388141471,0.05079748032877439,0.3164,0.2838,0.9792,0.0,ASSIST,,,,,,,,,9371.0,0.0,0.0,0.20604883705579305,,0,"[-2.45665, -1.82154, -0.83133, -0.74297, -1.43292, -0.70114, -0.58688]","[0.13839, 1.8607, 1.49164, 0.57308, -0.20875, -0.25291, 2.01618]",-0.2359945021176837,0.4386938553952092,1.6191947034491152,0.13349672158563092,0.5422958421430014,0.8287965246675293,0.03449877707001946,-0.236,0.4387,1.6192,0.0,0.20604883705579305,0.1752229201009459,sim,8067.0,0.0,1.0,,,"[0.3164, 0.2838, 0.9792]",,,,,
1.3884,reach,,,,,,,,,,,,0.2926485132677484,0.4274376398784713,1.2372031509387387,-0.0868441757018013,0.48091871476740683,0.8709800809488789,0.05068508186265939,0.3164,0.2838,0.9792,0.0,ASSIST,,,,,,,,,9372.0,0.0,0.0,0.20604883705579305,,0,"[-2.42637, -1.81942, -0.80973, -0.74909, -1.40862, -0.73004, -0.61145]","[0.13839, 1.85989, 1.48839, 0.57307, -0.20973, -0.25308, 2.02046]",-0.23599463807295237,0.43869393948886326,1.6191939663272528,0.13349660275865977,0.5422959560951559,0.8287964737847549,0.03449866804231199,-0.236,0.4387,1.6192,0.0,0.20604883705579305,0.1754239046983762,sim,8068.0,0.0,1.0,,,"[0.3164, 0.2838, 0.9792]",,,,,
1.4406,reach,,,,,,,,,,,,0.2961299375199916,0.4181829975767518,1.2111830327647,-0.08704267796424854,0.4778173895674996,0.8726584688664276,0.05080660543093473,0.3164,0.2838,0.9792,0.0,ASSIST,,,,,,,,,9373.0,0.0,0.0,0.20631885655105728,,0,"[-2.3908, -1.81725, -0.78524, -0.75455, -1.38175, -0.76318, -0.639]","[0.1384, 1.85862, 1.48328, 0.57307, -0.21126, -0.25334, 2.02719]",-0.23599453537233472,0.4386937273456971,1.6191939783632086,0.13349659832170913,0.5422958557824846,0.8287965396672737,0.03449867929686728,-0.236,0.4387,1.6192,0.0,0.20631885655105728,0.1754239046983762,sim,8069.0,0.0,1.0,,,"[0.3164, 0.2838, 0.9792]",,,,,
1.4916,reach,,,,,,,,,,,,0.2996928435479601,0.4085365928698549,1.1852737849397879,-0.08717629421619731,0.4769625283843586,0.8731648799679234,0.04990122878780541,0.3164,0.2838,0.9792,0.0,ASSIST,,,,,,,,,9374.0,0.0,0.0,0.20662720489807326,,0,"[-2.3673, -1.8159, -0.77037, -0.75779, -1.36607, -0.78306, -0.65535]","[0.13841, 1.85792, 1.4805, 0.57307, -0.21209, -0.25348, 2.03085]",-0.23599434931275973,0.4386934278254012,1.6191942682529117,0.1334966404600317,0.5422956857340143,0.8287966418016462,0.0344987356068872,-0.236,0.4387,1.6192,0.0,0.20662720489807326,0.17560589192504036,sim,8070.0,0.0,1.0,,,"[0.3164, 0.2838, 0.9792]",,,,,
1.5479,reach,,,,,,,,,,,,0.2996928435479601,0.4085365928698549,1.1852737849397879,-0.08717629421619731,0.4769625283843586,0.8731648799679234,0.04990122878780541,0.3164,0.2838,0.9792,0.0,ASSIST,,,,,,,,,9375.0,0.0,0.0,0.2071022362670467,,0,"[-2.33123, -1.8139, -0.74871, -0.76245, -1.34373, -0.8118, -0.67887]","[0.13844, 1.85651, 1.47485, 0.57307, -0.21376, -0.25377, 2.03828]",-0.23599434931275973,0.4386934278254012,1.6191942682529117,0.1334966404600317,0.5422956857340143,0.8287966418016462,0.0344987356068872,-0.236,0.4387,1.6192,0.0,0.2071022362670467,0.17575930790855357,sim,8071.0,0.0,1.0,,,"[0.3164, 0.2838, 0.9792]",,,,,
1.6015,reach,,,,,,,,,,,,0.3032095446481616,0.3983383275809892,1.1596823881593519,-0.08722432408676649,0.4776368929096141,0.8728850278003304,0.04823529891348296,0.3164,0.2838,0.9792,0.0,ASSIST,,,,,,,,,9376.0,0.0,0.0,0.2071022362670467,,0,"[-2.30287, -1.81236, -0.73237, -0.76592, -1.32735, -0.8333, -0.69633]","[0.13845, 1.85567, 1.47151, 0.57307, -0.21475, -0.25394, 2.04267]",-0.235994509506046,0.4386935090884211,1.6191936027443985,0.13349651952862124,0.5422957789430553,0.8287966048165741,0.03449862691193677,-0.236,0.4387,1.6192,0.0,0.2071022362670467,0.17594660424370245,sim,8072.0,0.0,1.0,,,"[0.3164, 0.2838, 0.9792]",,,,,
1.6582,reach,,,,,,,,,,,,0.30650781762034046,0.3870240392492511,1.1339888261870894,-0.08732554535259388,0.4789206326850323,0.872307113349519,0.04571188813940634,0.3164,0.2838,0.9792,0.0,ASSIST,,,,,,,,,9377.0,0.0,0.0,0.20375705657882934,,0,"[-2.26752, -1.81041, -0.71189, -0.77022, -1.30723, -0.86009, -0.71797]","[0.13849, 1.85437, 1.4663, 0.57306, -0.21629, -0.25421, 2.04951]",-0.23599439041580328,0.43869327620905396,1.619193719446008,0.13349652974981094,0.5422956490135542,0.8287966871597192,0.034498651550465886,-0.23930714285714286,0.4404214285714286,1.5907642857142856,0.0,0.20375705657882934,0.17594660424370245,sim,8073.0,0.0,1.0,,,"[0.3164, 0.2838, 0.9792]",,,,,
1.7107,reach,,,,,,,,,,,,0.30935425329872385,0.3743043967015663,1.1083789725376922,-0.08761624704671421,0.48012218865152406,0.871799011173307,0.04210179729136931,0.3164,0.2838,0.9792,0.0,ASSIST,,,,,,,,,9378.0,0.0,0.0,0.19826895067397893,,0,"[-2.23156, -1.80837, -0.69076, -0.77459, -1.28701, -0.88751, -0.73997]","[0.12663, 1.85612, 1.46536, 0.58506, -0.22265, -0.25527, 2.05231]",-0.23622496896820128,0.4389135266518783,1.6168305940227565,0.1335585133012966,0.5423050279212813,0.82878046062706,0.03450113474719246,-0.2426142857142857,0.4421428571428571,1.5623285714285715,0.0,0.19826895067397893,0.1761092603906033,sim,8074.0,0.0,1.0,,,"[0.3164, 0.2838, 0.9792]",,,,,
1.7679,reach,,,,,,,,,,,,0.30935425329872385,0.3743043967015663,1.1083789725376922,-0.08761624704671421,0.48012218865152406,0.871799011173307,0.04210179729136931,0.3164,0.2838,0.9792,0.0,ASSIST,,,,,,,,,9379.0,0.0,0.0,0.19234437424210446,,0,"[-2.2024, -1.80665, -0.67326, -0.77815, -1.27088, -0.90998, -0.75782]","[0.09764, 1.86179, 1.46757, 0.6128, -0.23763, -0.25609, 2.05379]",-0.23622496896820128,0.4389135266518783,1.6168305940227565,0.1335585133012966,0.5423050279212813,0.82878046062706,0.03450113474719246,-0.24592142857142857,0.4438642857142857,1.5338928571428572,0.0,0.19234437424210446,0.1760862997859655,sim,8075.0,0.0,1.0,,,"[0.3164, 0.2838, 0.9792]",,,,,
1.8205,reach,,,,,,,,,,,,0.3116524889941642,0.3606764060708802,1.0838392337542355,-0.0880243403397393,0.48122451307033065,0.8713587429849565,0.037531647334662764,0.3164,0.2838,0.9792,0.0,ASSIST,,,,,,,,,9380.0,0.0,0.0,0.18639398878952035,,0,"[-2.16654, -1.80447, -0.65147, -0.78252, -1.25128, -0.93777, -0.77977]","[0.06375, 1.86913, 1.47118, 0.64235, -0.25625, -0.25416, 2.05524]",-0.23787473639023057,0.44043080149245106,1.6001515969522424,0.13396078345555043,0.5423576905380388,0.8286796674736573,0.03453480455958716,-0.2492285714285714,0.44558571428571425,1.5054571428571428,0.0,0.18639398878952035,0.17597685813275118,sim,8076.0,0.0,1.0,,,"[0.3164, 0.2838, 0.9792]",,,,,
1.8854,reach,,,,,,,,,,,,0.3135085386296824,0.34563449571709487,1.0594502610060619,-0.08849822270954706,0.48229933973199474,0.8709438194037313,0.03181626806798513,0.3164,0.2838,0.9792,0.0,ASSIST,,,,,,,,,9381.0,0.0,0.0,0.18639398878952035,,0,"[-2.1377, -1.80263, -0.63348, -0.78604, -1.23586, -0.96041, -0.79743]","[0.03525, 1.87641, 1.47641, 0.66428, -0.27217, -0.24939, 2.05426]",-0.2395294402619317,0.442034959439665,1.5830913441648,0.13440228095511259,0.5423957291522155,0.8285797738504034,0.03461875557431382,-0.25253571428571425,0.44730714285714285,1.4770214285714285,0.0,0.18639398878952035,0.17597685813275118,sim,8077.0,0.0,1.0,,,"[0.3164, 0.2838, 0.9792]",,,,,
1.9381,reach,,,,,,,,,,,,0.31485550389025074,0.3299369478535647,1.0364040489105595,-0.08894919826701696,0.4833185204454686,0.8705481731854797,0.02524135664899864,0.3164,0.2838,0.9792,0.0,ASSIST,,,,,,,,,9382.0,0.0,0.0,0.18057987254276583,,0,"[-2.10411, -1.80045, -0.61229, -0.79015, -1.2181, -0.98691, -0.818]","[0.00028, 1.88638, 1.48499, 0.68835, -0.29193, -0.24041, 2.05095]",-0.24116646048046386,0.44397963744135704,1.5641105838330618,0.13511517654287397,0.5424040761418715,0.8284454009170238,0.034927424066232386,-0.25584285714285715,0.4490285714285714,1.4485857142857144,0.0,0.18057987254276583,0.17720460241496003,sim,8078.0,0.0,1.0,,,"[0.3164, 0.2838, 0.9792]",,,,,
1.9903,reach,,,,,,,,,,,,0.3157543188889107,0.3136267559376304,1.0145863605709415,-0.08931704281567196,0.4843086053275227,0.8701428601962373,0.01786178932483504,0.3164,0.2838,0.9792,0.0,ASSIST,,,,,,,,,9383.0,0.0,0.0,0.17757433996820474,,0,"[-2.07052, -1.79816, -0.59057, -0.79427, -1.20075, -1.01375, -0.83858]","[-0.03531, 1.89737, 1.49542, 0.71006, -0.31265, -0.22819, 2.04643]",-0.2430063665347443,0.4459520484633467,1.5439818512319075,0.13573310748318038,0.5423609946220258,0.8283561743156922,0.035314636039988564,-0.25915,0.45075,1.42015,0.0,0.17757433996820474,0.1792579041590873,sim,8079.0,0.0,1.0,,,"[0.3164, 0.2838, 0.9792]",,,,,
2.0479,reach,,,,,,,,,,,,0.3157543188889107,0.3136267559376304,1.0145863605709415,-0.08931704281567196,0.4843086053275227,0.8701428601962373,0.01786178932483504,0.3164,0.2838,0.9792,0.0,ASSIST,,,,,,,,,9384.0,0.0,0.0,0.1780128501354547,,0,"[-2.04321, -1.79611, -0.57197, -0.79763, -1.18738, -1.03613, -0.85531]","[-0.06453, 1.90749, 1.5065, 0.72429, -0.33022, -0.21404, 2.04084]",-0.2430063665347443,0.4459520484633467,1.5439818512319075,0.13573310748318038,0.5423609946220258,0.8283561743156922,0.035314636039988564,-0.26245714285714283,0.4524714285714286,1.3917142857142857,0.0,0.1780128501354547,0.18113708260137412,sim,8080.0,0.0,1.0,,,"[0.3164, 0.2838, 0.9792]",,,,,
2.1069,reach,,,,,,,,,,,,0.3162595980693242,0.2964236876408782,0.9935400319211569,-0.08955234203771394,0.48530439858148094,0.8696944428143343,0.00957052197595075,0.3164,0.2838,0.9792,0.0,ASSIST,,,,,,,,,9385.0,0.0,0.0,0.18174160917257143,,0,"[-2.02028, -1.79427, -0.55573, -0.80048, -1.17663, -1.0553, -0.86936]","[-0.09316, 1.91824, 1.51951, 0.73542, -0.34764, -0.19687, 2.03359]",-0.2449594849462036,0.4481905552322524,1.5228124836887278,0.13639031124473477,0.5422309178528428,0.8283079571619346,0.035906027700802076,-0.26576428571428573,0.4541928571428571,1.3632785714285713,0.0,0.18174160917257143,0.18282684827461004,sim,8081.0,0.0,1.0,,,"[0.3164, 0.2838, 0.9792]",,,,,
2.1583,reach,,,,,,,,,,,,0.316399665372467,0.28379735526464084,0.9792000310147276,-0.08960468331709558,0.48602152115524094,0.8693352889380161,0.0031995481938461878,0.3164,0.2838,0.9792,0.0,ASSIST,,,,,,,,,9386.0,0.0,0.0,0.18557595095947751,,0,"[-2.01152, -1.79329, -0.54813, -0.80159, -1.17363, -1.06348, -0.87473]","[-0.12902, 1.93262, 1.5386, 0.74584, -0.36934, -0.17119, 2.02191]",-0.2471720953508794,0.45060473290521685,1.5004714694631336,0.13697693645361728,0.5420237558851408,0.8283151803581117,0.03662688799578738,-0.2690714285714286,0.4559142857142857,1.3348428571428572,0.0,0.18557595095947751,0.18282684827461004,sim,8082.0,0.0,1.0,,,"[0.3164, 0.2838, 0.9792]",,,,,
2.21,reach,,,,,,,,,,,,0.3163996990461276,0.28379933537269647,0.9791999405372823,-0.08960384486006392,0.48602068202107307,0.869335843939833,0.0031996992801127913,0.3164,0.2838,0.9792,0.0,ASSIST,,,,,,,,,9387.0,0.0,0.0,0.18557595095947751,,0,"[-2.01231, -1.79279, -0.5457, -0.80152, -1.17631, -1.06465, -0.87429]","[-0.16441, 1.94774, 1.56083, 0.75178, -0.39023, -0.14073, 2.00696]",-0.24984935692747404,0.4533178829369132,1.4762314598678241,0.13748644831068224,0.5417620787561717,0.8283659826774393,0.03743160824151219,-0.2723785714285714,0.45763571428571426,1.3064071428571429,0.0,0.18557595095947751,0.1843651155375163,sim,8083.0,0.0,1.0,,,"[0.3164, 0.2838, 0.9792]",,,,,
2.272,reach,,,,,,,,,,,,0.3163996990461276,0.28379933537269647,0.9791999405372823,-0.08960384486006392,0.48602068202107307,0.869335843939833,0.0031996992801127913,0.3164,0.2838,0.9792,0.0,ASSIST,,,,,,,,,9388.0,0.0,0.0,0.18557619864314698,,0,"[-2.01306, -1.79231, -0.54341, -0.80147, -1.17885, -1.06576, -0.87388]","[-0.19185, 1.9601, 1.58118, 0.75209, -0.40555, -0.11217, 1.9919]",-0.24984935692747404,0.4533178829369132,1.4762314598678241,0.13748644831068224,0.5417620787561717,0.8283659826774393,0.03743160824151219,-0.27568571428571426,0.45935714285714285,1.2779714285714285,0.0,0.18557619864314698,0.18588138994030162,sim,8084.0,0.0,1.0,,,"[0.3164, 0.2838, 0.9792]",,,,,
2.3286,reach,,,,,,,,,,,,0.3163999540875267,0.28379973905555783,0.9791998455891011,-0.08960375325173063,0.48602057786141084,0.8693359102368724,0.0032000736072583277,0.3164,0.2838,0.9792,0.0,ASSIST,,,,,,,,,9389.0,0.0,0.0,0.18557650220241734,,0,"[-2.01349, -1.79203, -0.54206, -0.80144, -1.18033, -1.06641, -0.87364]","[-0.22303, 1.97455, 1.60731, 0.7478, -0.42175, -0.07457, 1.97109]",-0.2534405041460468,0.45665339382838444,1.44795893010768,0.13795934168627375,0.5415094317900072,0.8284162442029589,0.03822671401804451,-0.27899285714285715,0.4610785714285714,1.2495357142857144,0.0,0.18557650220241734,0.1876491676068218,sim,8085.0,0.0,1.0,,,"[0.3164, 0.2838, 0.9792]",,,,,
2.38,reach,,,,,,,,,,,,0.31639984481701955,0.2837997313377327,0.9791999108037821,-0.08960372505697442,0.48602049918007545,0.8693359577336031,0.003199910008671339,0.3164,0.2838,0.9792,0.0,ASSIST,,,,,,,,,9390.0,0.0,0.0,0.18557650220241734,,0,"[-2.01423, -1.79156, -0.53979, -0.80139, -1.18285, -1.06751, -0.87323]","[-0.24684, 1.98577, 1.63059, 0.73877, -0.43254, -0.0397, 1.95086]",-0.2568880515864386,0.4595764228330169,1.4238053832138453,0.13830793288485407,0.5414178234557905,0.8283983656438569,0.038649759948799906,-0.2823,0.4628,1.2211,0.0,0.18557650220241734,0.18923447594901124,sim,8086.0,0.0,1.0,,,"[0.3164, 0.2838, 0.9792]",,,,,
2.439,reach,,,,,,,,,,,,0.31639979187626244,0.28379972761092814,0.9791999421264571,-0.08960371098430363,0.4860204616003067,0.8693359804863182,0.00319983055145623,0.3164,0.2838,0.9792,0.0,ASSIST,,,,,,,,,9391.0,0.0,0.0,0.18557644393265801,,0,"[-2.01492, -1.79112, -0.53769, -0.80134, -1.18516, -1.06852, -0.87285]","[-0.26402, 1.99381, 1.65057, 0.72606, -0.43878, -0.01022, 1.93196]",-0.26033454733598005,0.46261707511769046,1.4028512179064192,0.13873649017206982,0.5417911018166665,0.8280817979569348,0.03866683565315113,-0.28969,0.44817,1.1971100000000001,0.0,0.18557644393265801,0.18923447594901124,sim,8087.0,0.0,1.0,,,"[0.3164, 0.2838, 0.9792]",,,,,
2.4905,reach,,,,,,,,,,,,0.31639982706012104,0.2837997302900636,0.9791999216866516,-0.0896037193946132,0.4860204862774158,0.8693359656313655,0.003199882669258482,0.3164,0.2838,0.9792,0.0,ASSIST,,,,,,,,,9392.0,0.0,0.0,0.18557644180715757,,0,"[-2.01559, -1.7907, -0.53564, -0.80129, -1.18742, -1.06951, -0.87249]","[-0.2874, 2.00274, 1.67078, 0.71352, -0.44472, 0.02518, 1.91041]",-0.2644177541676904,0.4657392486694868,1.3794597528895816,0.13917743934581786,0.5433598307651042,0.8269983115343524,0.03825607673806459,-0.29708,0.43354,1.17312,0.0,0.18557644180715757,0.19106728218974206,sim,8088.0,0.0,1.0,,,"[0.3164, 0.2838, 0.9792]",,,,,
2.5487,reach,,,,,,,,,,,,0.31639982706012104,0.2837997302900636,0.9791999216866516,-0.0896037193946132,0.4860204862774158,0.8693359656313655,0.003199882669258482,0.3164,0.2838,0.9792,0.0,ASSIST,,,,,,,,,9393.0,0.0,0.0,0.18557650870584144,,0,"[-2.01624, -1.79028, -0.53362, -0.80124, -1.18964, -1.07048, -0.87214]","[-0.31412, 2.00998, 1.68133, 0.71123, -0.44927, 0.05464, 1.89545]",-0.2644177541676904,0.4657392486694868,1.3794597528895816,0.13917743934581786,0.5433598307651042,0.8269983115343524,0.03825607673806459,-0.30447,0.41891,1.14913,0.0,0.18557650870584144,0.1932228118552173,sim,8089.0,0.0,1.0,,,"[0.3164, 0.2838, 0.9792]",,,,,
2.6,reach,,,,,,,,,,,,0.3163999573787414,0.2837997400406353,0.9791998461164848,-0.08960375212869617,0.48602057706755974,0.8693359107847676,0.0032000767794113623,0.3164,0.2838,0.9792,0.0,ASSIST,,,,,,,,,9394.0,0.0,0.0,0.18557664946054117,,0,"[-2.01687, -1.78989, -0.5317, -0.8012, -1.19176, -1.07141, -0.87181]","[-0.34953, 2.01782, 1.68918, 0.71414, -0.45448, 0.08729, 1.88055]",-0.26813872557514373,0.4658230526385495,1.3553452285902834,0.1399469228905393,0.5434038225969792,0.8268129354084576,0.03882672020284449,-0.31186,0.40428,1.12514,0.0,0.18557664946054117,0.19446091863774057,sim,8090.0,0.0,1.0,,,"[0.3164, 0.2838, 0.9792]",,,,,
2.6543,reach,,,,,,,,,,,,0.31639995803260773,0.28379974023730864,0.9791998462274895,-0.08960375190126,0.4860205769011953,0.8693359108988934,0.0032000774112472493,0.3164,0.2838,0.9792,0.0,ASSIST,,,,,,,,,9395.0,0.0,0.0,0.18557664946054117,,0,"[-2.01724, -1.78966, -0.53057, -0.80117, -1.193, -1.07196, -0.87161]","[-0.37308, 2.02219, 1.69119, 0.71968, -0.4579, 0.10724, 1.87296]",-0.2722371887789142,0.4639050455200636,1.3306433016296353,0.14060096920321885,0.5429096494564023,0.8270034885610147,0.039315517218438935,-0.31925000000000003,0.38965,1.10115,0.0,0.18557664946054117,0.19446091863774057,sim,8091.0,0.0,1.0,,,"[0.3164, 0.2838, 0.9792]",,,,,
2.7081,reach,,,,,,,,,,,,0.31639991845837206,0.28379973744392634,0.9791998695651805,-0.08960374130179233,0.486020548935067,0.8693359278452318,0.0032000179761172954,0.3164,0.2838,0.9792,0.0,ASSIST,,,,,,,,,9396.0,0.0,0.0,0.18557667837275377,,0,"[-2.01782, -1.7893, -0.52881, -0.80113, -1.19493, -1.07281, -0.87131]","[-0.40869, 2.02821, 1.69246, 0.72999, -0.46315, 0.13716, 1.86274]",-0.2759465394281395,0.4601473719370509,1.3087971547769517,0.1417643588189296,0.5403070065333639,0.8284880456095616,0.03973365754196589,-0.32664,0.37502,1.0771600000000001,0.0,0.18557667837275377,0.1952559870291377,sim,8092.0,0.0,1.0,,,"[0.3164, 0.2838, 0.9792]",,,,,
2.7615,reach,,,,,,,,,,,,0.31639985714688895,0.28379973291868316,0.9791999049981237,-0.08960372529065676,0.48602050657274026,0.8693359535165616,0.0031999262904316306,0.3164,0.2838,0.9792,0.0,ASSIST,,,,,,,,,9397.0,0.0,0.0,0.1855766805775445,,0,"[-2.01811, -1.78912, -0.52793, -0.80111, -1.19591, -1.07324, -0.87116]","[-0.43829, 2.03252, 1.69203, 0.73998, -0.46757, 0.16238, 1.85534]",-0.27970363848000157,0.4552179375956159,1.288458430044896,0.1431925786231536,0.536373520714568,0.8307794462246707,0.040060497177896996,-0.33403,0.36039,1.05317,0.0,0.1855766805775445,0.1955376632295009,sim,8093.0,0.0,1.0,,,"[0.3164, 0.2838, 0.9792]",,,,,
2.8133,reach,,,,,,,,,,,,0.31639985714688895,0.28379973291868316,0.9791999049981237,-0.08960372529065676,0.48602050657274026,0.8693359535165616,0.0031999262904316306,0.3164,0.2838,0.9792,0.0,ASSIST,,,,,,,,,9398.0,0.0,0.0,0.18557665349905966,,0,"[-2.01867, -1.78877, -0.52619, -0.80107, -1.19781, -1.07408, -0.87086]","[-0.46786, 2.03634, 1.69094, 0.7503, -0.47198, 0.18823, 1.84845]",-0.27970363848000157,0.4552179375956159,1.288458430044896,0.1431925786231536,0.536373520714568,0.8307794462246707,0.040060497177896996,-0.34142,0.34576,1.02918,0.0,0.18557665349905966,0.19573103409085227,sim,8094.0,0.0,1.0,,,"[0.3164, 0.2838, 0.9792]",,,,,
2.8685,reach,,,,,,,,,,,,0.3163999599792038,0.28379974083009113,0.9791998465748593,-0.08960375121403819,0.4860205763807658,0.869335911253749,0.003200079295100632,0.3164,0.2838,0.9792,0.0,ASSIST,,,,,,,,,9399.0,0.0,0.0,0.18557665349905966,,0,"[-2.01917, -1.78846, -0.5247, -0.80103, -1.19945, -1.0748, -0.87061]","[-0.50309, 2.04017, 1.68916, 0.76221, -0.47704, 0.22006, 1.8407]",-0.28364660560880434,0.4494681113227551,1.2689748455404573,0.1447430105819634,0.531643186224979,0.8335343668433518,0.04031677962429991,-0.34881,0.33113000000000004,1.00519,0.0,0.18557665349905966,0.19573103409085227,sim,8095.0,0.0,1.0,,,"[0.3164, 0.2838, 0.9792]",,,,,
2.9209,reach,,,,,,,,,,,,0.31639991303021425,0.28379973737274883,0.9791998736447258,-0.08960373882993529,0.48602054407050577,0.8693359308525828,0.003200009028079401,0.3164,0.2838,0.9792,0.0,ASSIST,,,,,,,,,9400.0,0.0,0.0,0.18557676373505197,,0,"[-2.01962, -1.78818, -0.5233, -0.801, -1.20099, -1.07548, -0.87037]","[-0.53802, 2.04323, 1.68728, 0.77286, -0.48176, 0.25326, 1.83314]",-0.28790954158884124,0.4431228245054487,1.249814712465822,0.1463300755265234,0.5265166605935079,0.8364960930591551,0.04052161658463336,-0.3562,0.3165,0.9812,0.0,0.18557676373505197,0.196027844647831,sim,8096.0,0.0,1.0,,,"[0.3164, 0.2838, 0.9792]",,,,,
2.9785,reach,,,,,,,,,,,,0.3163998903854623,0.2837997357788606,0.9791998869092479,-0.0896037325662319,0.4860205282471767,0.8693359404701617,0.0031999749052145587,0.3164,0.2838,0.9792,0.0,ASSIST,,,,,,,,,9401.0,0.0,0.0,0.18557675014750735,,0,"[-2.02015, -1.78786, -0.5217, -0.80096, -1.20274, -1.07626, -0.87011]","[-0.56465, 2.04485, 1.68609, 0.77909, -0.48493, 0.27973, 1.82718]",-0.2925591917219057,0.4369154990583445,1.2312144855957678,0.1477870974000602,0.5219662166641379,0.8390845688434773,0.040587298901839854,-0.3562,0.3165,0.9812,0.0,0.18557675014750735,0.1966074477289523,sim,8097.0,0.0,1.0,,,"[0.3164, 0.2838, 0.9792]",,,,,
3.0301,reach,,,,,,,,,,,,0.3163998903854623,0.2837997357788606,0.9791998869092479,-0.0896037325662319,0.4860205282471767,0.8693359404701617,0.0031999749052145587,0.3164,0.2838,0.9792,0.0,ASSIST,,,,,,,,,9402.0,0.0,0.0,0.1855767630836694,,0,"[-2.02066, -1.78755, -0.52015, -0.80093, -1.20444, -1.07701, -0.86985]","[-0.59568, 2.04639, 1.6849, 0.7852, -0.48829, 0.31024, 1.82038]",-0.2925591917219057,0.4369154990583445,1.2312144855957678,0.1477870974000602,0.5219662166641379,0.8390845688434773,0.040587298901839854,-0.3562,0.3165,0.9812,0.0,0.1855767630836694,0.197750891609536,sim,8098.0,0.0,1.0,,,"[0.3164, 0.2838, 0.9792]",,,,,
3.088,reach,,,,,,,,,,,,0.3163999618590029,0.28379974140750613,0.9791998469328252,-0.08960375053602831,0.4860205758468682,0.8693359116154074,0.003200081118435666,0.3164,0.2838,0.9792,0.0,ASSIST,,,,,,,,,9403.0,0.0,0.0,0.1855767630836694,,0,"[-2.02116, -1.78725, -0.51864, -0.80089, -1.2061, -1.07774, -0.8696]","[-0.62531, 2.04773, 1.68388, 0.79046, -0.49121, 0.33745, 1.81453]",-0.2974282318163799,0.4306109424492567,1.2125689563040372,0.14880788995429894,0.5185479315016606,0.8410233171401205,0.040546697144487116,-0.3562,0.3165,0.9812,0.0,0.1855767630836694,0.19911040739064556,sim,8099.0,0.0,1.0,,,"[0.3164, 0.2838, 0.9792]",,,,,
3.1406,reach,,,,,,,,,,,,0.3163999141033411,0.2837997378307769,0.9791998741207423,-0.08960373787962264,0.48602054351444574,0.8693359312590186,0.003200009677709153,0.3164,0.2838,0.9792,0.0,ASSIST,,,,,,,,,9404.0,0.0,0.0,0.18557684520223022,,0,"[-2.02166, -1.78694, -0.51712, -0.80086, -1.20776, -1.07848, -0.86935]","[-0.66171, 2.04924, 1.68276, 0.79638, -0.49452, 0.36815, 1.80795]",-0.30310257860144796,0.4231708345591475,1.191139079601825,0.14913314476611403,0.5165150628079797,0.8422195526042798,0.04046875629031587,-0.3562,0.3165,0.9812,0.0,0.18557684520223022,0.19911040739064556,sim,8100.0,0.0,1.0,,,"[0.3164, 0.2838, 0.9792]",,,,,
