t,phase,master_x,master_y,master_z,master_qx,master_qy,master_qz,master_qw,pointing_x,pointing_y,pointing_z,clutch,ee_x,ee_y,ee_z,ee_qx,ee_qy,ee_qz,ee_qw,cmd_x,cmd_y,cmd_z,gripper_rad,autonomy_state,intent_top,intent_top_p,intent_margin,intent_ambiguous,intent_dist,intent_ids,grasp_offered,channels_live,ik_success,ik_fail,ik_rejected,clearance_m,payload_kg,estop
0.001,reach,,,,,,,,,,,,0.6670840548636575,-0.044592238561296516,1.1628003143678962,,,,,0.0,0.0,0.0,0.0,DIRECT,,,,,,,,,,,,,,0
0.056,reach,,,,,,,,,,,,0.6670970196876423,-0.044597939697060385,1.1627987705580145,,,,,0.0,0.0,-0.025000000000000133,0.0,DIRECT,,,,,,,,,,,,,,0
0.1085,reach,,,,,,,,,,,,0.6671031157773512,-0.04459676841879867,1.1620992123926412,,,,,0.0,0.0,-0.050000000000000044,0.0,DIRECT,,,,,,,,,,,,,,0
0.1655,reach,,,,,,,,,,,,0.6672860851434571,-0.044502341568532666,1.1502084632500855,,,,,0.0,0.0,-0.07499999999999996,0.0,DIRECT,,,,,,,,,,,,,,0
0.2179,reach,,,,,,,,,,,,0.6672860851434571,-0.044502341568532666,1.1502084632500855,,,,,0.0,0.0,-0.10000000000000009,0.0,DIRECT,,,,,,,,,,,,,,0
0.2695,reach,,,,,,,,,,,,0.6675913128691351,-0.044340241630370925,1.1363846705600196,,,,,0.0,0.0,-0.10000000000000009,0.0,DIRECT,,,,,,,,,,,,,,0
0.3312,reach,,,,,,,,,,,,0.668044878021887,-0.04409605129204908,1.1204654637600164,,,,,0.0,0.0,-0.10000000000000009,0.0,DIRECT,,,,,,,,,,,,,,0
0.386,reach,,,,,,,,,,,,0.6685370852918764,-0.043833791489431506,1.1059236467207219,,,,,0.0,0.0,-0.10000000000000009,0.0,DIRECT,,,,,,,,,,,,,,0
0.4451,grasp,,,,,,,,,,,,0.668746809919895,-0.04371939871777536,1.0919887182468815,,,,,0.0,0.0,-0.10000000000000009,0.42352941176470593,DIRECT,,,,,,,,,,,,,,0
0.4972,grasp,,,,,,,,,,,,0.6684994022631915,-0.043845618894346516,1.0820995092962726,,,,,0.0,0.0,-0.10000000000000009,0.42352941176470593,DIRECT,,,,,,,,,,,,,,0
0.5502,grasp,,,,,,,,,,,,0.6684994022631915,-0.043845618894346516,1.0820995092962726,,,,,0.0,0.0,-0.10000000000000009,0.42352941176470593,DIRECT,,,,,,,,,,,,,,0
0.6091,grasp,,,,,,,,,,,,0.6676275263328793,-0.044300674975359944,1.068456910624582,,,,,0.0,0.0,-0.10000000000000009,0.42352941176470593,DIRECT,,,,,,,,,,,,,,0
0.6656,grasp,,,,,,,,,,,,0.6672080360541653,-0.04453443160985393,1.0639030047289788,,,,,0.0,0.0,-0.10000000000000009,0.42352941176470593,DIRECT,,,,,,,,,,,,,,0
0.7171,grasp,,,,,,,,,,,,0.6671172858838899,-0.044588018639219684,1.062987446488811,,,,,0.0,0.0,-0.10000000000000009,0.42352941176470593,DIRECT,,,,,,,,,,,,,,0
0.775,grasp,,,,,,,,,,,,0.6671019361002476,-0.04459687595482681,1.0628377245754856,,,,,0.0,0.0,-0.07333333333333347,0.42352941176470593,DIRECT,,,,,,,,,,,,,,0
0.8289,grasp,,,,,,,,,,,,0.6671019361002476,-0.04459687595482681,1.0628377245754856,,,,,0.0,0.0,-0.046666666666666634,0.42352941176470593,DIRECT,,,,,,,,,,,,,,0
0.8882,grasp,,,,,,,,,,,,0.6671327663842086,-0.04458220869347013,1.0664131054603214,,,,,0.0,0.0,-0.020000000000000018,0.42352941176470593,DIRECT,,,,,,,,,,,,,,0
0.9461,grasp,,,,,,,,,,,,0.6673627793861621,-0.04447385014743571,1.0794378617942395,,,,,0.0,0.0,-0.020000000000000018,0.42352941176470593,DIRECT,,,,,,,,,,,,,,0
0.9975,grasp,,,,,,,,,,,,0.6677819811800185,-0.04427070543152889,1.0942909524514464,,,,,0.0,0.0,-0.020000000000000018,0.42352941176470593,DIRECT,,,,,,,,,,,,,,0
1.0545,grasp,,,,,,,,,,,,0.6682796049102866,-0.04402779559088871,1.1101886625629271,,,,,0.0,0.0,-0.046666666666666634,0.42352941176470593,DIRECT,,,,,,,,,,,,,,0
1.1083,grasp,,,,,,,,,,,,0.6682796049102866,-0.04402779559088871,1.1101886625629271,,,,,0.0,0.0,-0.07333333333333347,0.42352941176470593,DIRECT,,,,,,,,,,,,,,0
1.1663,grasp,,,,,,,,,,,,0.668021520411622,-0.044151346253918256,1.1252482239501023,,,,,0.0,0.0,-0.10000000000000009,0.42352941176470593,DIRECT,,,,,,,,,,,,,,0
1.2269,grasp,,,,,,,,,,,,0.6673654879857018,-0.044466770223788366,1.1174669292798778,,,,,0.0,0.0,-0.10000000000000009,0.42352941176470593,DIRECT,,,,,,,,,,,,,,0
1.2937,grasp,,,,,,,,,,,,0.66752449707846,-0.04438546564429069,1.103887706193078,,,,,0.0,0.0,-0.10000000000000009,0.42352941176470593,DIRECT,,,,,,,,,,,,,,0
1.3482,reach,,,,,,,,,,,,0.6678514092032233,-0.0442185587605225,1.0895491415730845,,,,,0.0,0.0,-0.10000000000000009,0.0,DIRECT,,,,,,,,,,,,,,0
1.4043,reach,,,,,,,,,,,,0.6677567294253782,-0.044261166862184065,1.075996572457536,,,,,0.0,0.0,-0.10000000000000009,0.0,DIRECT,,,,,,,,,,,,,,0
1.4617,reach,,,,,,,,,,,,0.6677567294253782,-0.044261166862184065,1.075996572457536,,,,,0.0,0.0,-0.10000000000000009,0.0,DIRECT,,,,,,,,,,,,,,0
1.5161,reach,,,,,,,,,,,,0.6672818796990062,-0.04450009409936362,1.0655858773516846,,,,,0.0,0.0,-0.10000000000000009,0.0,DIRECT,,,,,,,,,,,,,,0
1.5758,reach,,,,,,,,,,,,0.6671392245406202,-0.044576347694351814,1.0633933991000073,,,,,0.0,0.0,-0.07499999999999996,0.0,DIRECT,,,,,,,,,,,,,,0
1.6349,reach,,,,,,,,,,,,0.6671084805838324,-0.044593667454319585,1.06294177475725,,,,,0.0,0.0,-0.050000000000000044,0.0,DIRECT,,,,,,,,,,,,,,0
1.689,reach,,,,,,,,,,,,0.6672357187813267,-0.0445334292878547,1.0728161990554932,,,,,0.0,0.0,-0.025000000000000133,0.0,DIRECT,,,,,,,,,,,,,,0
1.7428,reach,,,,,,,,,,,,0.6672357187813267,-0.0445334292878547,1.0728161990554932,,,,,0.0,0.0,0.0,0.0,DIRECT,,,,,,,,,,,,,,0
1.8048,reach,,,,,,,,,,,,0.6676362084543963,-0.04434282989131366,1.0861523816411647,,,,,-0.25,0.05,0.0,0.0,DIRECT,,,,,,,,,,,,,,0
1.8567,reach,,,,,,,,,,,,0.6681378653872239,-0.04410216206236717,1.1014574265183366,,,,,-0.25,0.05,-0.025000000000000133,0.0,DIRECT,,,,,,,,,,,,,,0
1.915,reach,,,,,,,,,,,,0.6655973830332221,-0.04317256599988323,1.1140915650161014,,,,,-0.25,0.05,-0.050000000000000044,0.0,DIRECT,,,,,,,,,,,,,,0
1.9662,reach,,,,,,,,,,,,0.6577131082079649,-0.041243221462462065,1.1220279368960997,,,,,-0.25,0.05,-0.07499999999999996,0.0,DIRECT,,,,,,,,,,,,,,0
2.0194,reach,,,,,,,,,,,,0.6577131082079649,-0.041243221462462065,1.1220279368960997,,,,,-0.25,0.05,-0.10000000000000009,0.0,DIRECT,,,,,,,,,,,,,,0
2.0723,reach,,,,,,,,,,,,0.6477686740267157,-0.03901847298450156,1.125517568962881,,,,,-0.25,0.05,-0.10000000000000009,0.0,DIRECT,,,,,,,,,,,,,,0
2.1259,reach,,,,,,,,,,,,0.6367301078783841,-0.036695465561846774,1.1261858826332214,,,,,-0.25,0.05,-0.10000000000000009,0.0,DIRECT,,,,,,,,,,,,,,0
2.1874,reach,,,,,,,,,,,,0.6247130029709351,-0.034258415133943954,1.124682951408518,,,,,-0.25,0.05,-0.10000000000000009,0.0,DIRECT,,,,,,,,,,,,,,0
2.2443,reach,,,,,,,,,,,,0.6132220451237049,-0.03192719681415407,1.1217458332749912,,,,,-0.25,0.05,-0.10000000000000009,0.0,DIRECT,,,,,,,,,,,,,,0
2.2965,reach,,,,,,,,,,,,0.6132220451237049,-0.03192719681415407,1.1217458332749912,,,,,-0.25,0.05,-0.10000000000000009,0.0,DIRECT,,,,,,,,,,,,,,0
2.3478,reach,,,,,,,,,,,,0.5992393564215027,-0.029069945065427705,1.1171193305543918,,,,,-0.25,0.05,-0.10000000000000009,0.0,DIRECT,,,,,,,,,,,,,,0
2.4056,reach,,,,,,,,,,,,0.5842993992983474,-0.025991407133673428,1.1115716241487512,,,,,-0.25,0.05,-0.10000000000000009,0.0,DIRECT,,,,,,,,,,,,,,0
2.4567,reach,,,,,,,,,,,,0.5704341655215719,-0.023056402659894948,1.1058564608274495,,,,,-0.25,0.05,-0.10000000000000009,0.0,DIRECT,,,,,,,,,,,,,,0
2.5092,reach,,,,,,,,,,,,0.5704341655215719,-0.023056402659894948,1.1058564608274495,,,,,-0.25,0.05,-0.10000000000000009,0.0,DIRECT,,,,,,,,,,,,,,0
2.5633,reach,,,,,,,,,,,,0.555468483598466,-0.019805925865717056,1.099364484638654,,,,,-0.25,0.05,-0.07333333333333347,0.0,DIRECT,,,,,,,,,,,,,,0
2.615,reach,,,,,,,,,,,,0.5413911680939005,-0.016636809550354792,1.0929043197290116,,,,,-0.25,0.05,-0.046666666666666634,0.0,DIRECT,,,,,,,,,,,,,,0
2.6756,reach,,,,,,,,,,,,0.5264697755877499,-0.013371633920254755,1.0883272997744609,,,,,-0.25,0.05,-0.020000000000000018,0.0,DIRECT,,,,,,,,,,,,,,0
2.7356,reach,,,,,,,,,,,,0.5128531491348374,-0.010398256160339348,1.087835871419793,,,,,-0.25,0.05,-0.020000000000000018,0.0,DIRECT,,,,,,,,,,,,,,0
2.788,reach,,,,,,,,,,,,0.5128531491348374,-0.010398256160339348,1.087835871419793,,,,,-0.2222222222222222,0.044444444444444446,-0.020000000000000018,0.0,DIRECT,,,,,,,,,,,,,,0
2.8404,reach,,,,,,,,,,,,0.5021998231537269,-0.007820555170972965,1.0902324898274132,,,,,-0.19444444444444442,0.03888888888888889,-0.020000000000000018,0.0,DIRECT,,,,,,,,,,,,,,0
2.8949,reach,,,,,,,,,,,,0.49313664840347965,-0.005413738280486136,1.0945419371260419,,,,,-0.16666666666666663,0.03333333333333333,-0.020000000000000018,0.0,DIRECT,,,,,,,,,,,,,,0
2.9544,reach,,,,,,,,,,,,0.48692145407992593,-0.003913218033204491,1.1003347087002755,,,,,-0.13888888888888884,0.027777777777777776,-0.020000000000000018,0.0,DIRECT,,,,,,,,,,,,,,0
3.0175,reach,,,,,,,,,,,,0.4838322711814253,-0.0035540839995209517,1.109570709424704,,,,,-0.11111111111111116,0.02222222222222222,-0.020000000000000018,0.0,DIRECT,,,,,,,,,,,,,,0
3.0698,reach,,,,,,,,,,,,0.4838322711814253,-0.0035540839995209517,1.109570709424704,,,,,-0.08333333333333337,0.01666666666666667,-0.020000000000000018,0.0,DIRECT,,,,,,,,,,,,,,0
3.125,reach,,,,,,,,,,,,0.49073191560973595,-0.0062105481105851346,1.123149882445397,,,,,-0.05555555555555558,0.011111111111111113,-0.020000000000000018,0.0,DIRECT,,,,,,,,,,,,,,0
3.1856,reach,,,,,,,,,,,,0.5037345911277802,-0.00986519466053426,1.1307742162641143,,,,,-0.02777777777777779,0.005555555555555557,-0.020000000000000018,0.0,DIRECT,,,,,,,,,,,,,,0
3.245,reach,,,,,,,,,,,,0.5166362006536104,-0.012870937877129063,1.1337025760599564,,,,,0.0,0.0,-0.020000000000000018,0.0,DIRECT,,,,,,,,,,,,,,0
3.2981,reach,,,,,,,,,,,,0.5279609687212492,-0.015202129807715792,1.1345471117159047,,,,,0.0,0.0,-0.046666666666666634,0.0,DIRECT,,,,,,,,,,,,,,0
3.3545,reach,,,,,,,,,,,,0.5394000368469618,-0.017401183738087855,1.1344730737648308,,,,,0.0,0.0,-0.07333333333333347,0.0,DIRECT,,,,,,,,,,,,,,0
3.4076,reach,,,,,,,,,,,,0.5394000368469618,-0.017401183738087855,1.1344730737648308,,,,,0.0,0.0,-0.10000000000000009,0.0,DIRECT,,,,,,,,,,,,,,0
3.4661,reach,,,,,,,,,,,,0.5495262674933317,-0.01913583330327856,1.1329103663184372,,,,,0.0,0.0,-0.10000000000000009,0.0,DIRECT,,,,,,,,,,,,,,0
3.5257,reach,,,,,,,,,,,,0.5593239635912954,-0.02052297340626852,1.1295227495719466,,,,,0.0,0.0,-0.10000000000000009,0.0,DIRECT,,,,,,,,,,,,,,0
3.5776,reach,,,,,,,,,,,,0.5694611392990758,-0.02165523695817767,1.124253805415709,,,,,0.0,0.0,-0.10000000000000009,0.0,DIRECT,,,,,,,,,,,,,,0
3.6341,reach,,,,,,,,,,,,0.5694611392990758,-0.02165523695817767,1.124253805415709,,,,,0.0,0.0,-0.10000000000000009,0.0,DIRECT,,,,,,,,,,,,,,0
3.6879,reach,,,,,,,,,,,,0.5795896023645348,-0.022453894598591928,1.117330589255554,,,,,0.0,0.0,-0.10000000000000009,0.0,DIRECT,,,,,,,,,,,,,,0
3.7394,reach,,,,,,,,,,,,0.5901163058603418,-0.02334330624346892,1.1094660950894277,,,,,0.0,0.0,-0.10000000000000009,0.0,DIRECT,,,,,,,,,,,,,,0
3.795,reach,,,,,,,,,,,,0.5990270823879378,-0.024481910988249533,1.1029385686604167,,,,,0.0,0.0,-0.07499999999999996,0.0,DIRECT,,,,,,,,,,,,,,0
3.8566,reach,,,,,,,,,,,,0.607126102679062,-0.025867082114643503,1.0974434388084235,,,,,0.0,0.0,-0.050000000000000044,0.0,DIRECT,,,,,,,,,,,,,,0
3.9103,reach,,,,,,,,,,,,0.607126102679062,-0.025867082114643503,1.0974434388084235,,,,,0.0,0.0,-0.025000000000000133,0.0,DIRECT,,,,,,,,,,,,,,0
3.9677,reach,,,,,,,,,,,,0.6169883870435063,-0.028440070370881976,1.094922590266762,,,,,0.0,0.0,0.0,0.0,DIRECT,,,,,,,,,,,,,,0
4.0252,reach,,,,,,,,,,,,0.6289285142152574,-0.03212791826706052,1.0978273741747404,,,,,0.0,0.0,0.0,0.0,DIRECT,,,,,,,,,,,,,,0
4.0791,reach,,,,,,,,,,,,0.6405377229726279,-0.035772814807406794,1.1074403348438109,,,,,0.0,0.0,0.0,0.0,DIRECT,,,,,,,,,,,,,,0
